Run,ReleaseDate,LoadDate,spots,bases,spots_with_mates,avgLength,size_MB,AssemblyName,download_path,Experiment,LibraryName,LibraryStrategy,LibrarySelection,LibrarySource,LibraryLayout,InsertSize,InsertDev,Platform,Model,SRAStudy,BioProject,Study_Pubmed_id,ProjectID,Sample,BioSample,SampleName,organ,organ_subtype,sample_type,tissue_name,sample_subtype,neurotransmitter,CenterName,Submission,
SRR830627,11/15/13 12:07,4/18/13 14:00,2665657,286428837,0,107,231,,https://sra-downloadb.be-md.ncbi.nlm.nih.gov/sos1/sra-pub-run-2/SRR830627/SRR830627.1,SRX268435,,RNA-Seq,RANDOM,TRANSCRIPTOMIC,SINGLE,0,0,ION_TORRENT,Ion Torrent PGM,SRP001185,,,0,SRS414419,SAMN02046432,Aplysia development early stages 1-4cell,whole animal,whole animal,embryo,1-4_cell,,,UF-LM,SRA009814,
SRR830628,11/15/13 12:07,4/18/13 14:00,1907522,189621479,0,99,153,,https://sra-downloadb.be-md.ncbi.nlm.nih.gov/sos1/sra-pub-run-2/SRR830628/SRR830628.1,SRX268436,,RNA-Seq,RANDOM,TRANSCRIPTOMIC,SINGLE,0,0,ION_TORRENT,Ion Torrent PGM,SRP001185,,,0,SRS414420,SAMN02046433,Aplysia development late stages 8 cell-Gastrulation,whole animal,whole animal,embryo,8-cell_gastrula,,,UF-LM,SRA009814,
SRR3211589,3/10/16 3:24,3/10/16 3:18,48864782,5675446097,0,116,4234,,https://sra-downloadb.be-md.ncbi.nlm.nih.gov/sos1/sra-pub-run-1/SRR3211589/SRR3211589.1,SRX263742,NO treated nRNA-Seq-2,RNA-Seq,RANDOM,TRANSCRIPTOMIC,SINGLE,0,0,ION_TORRENT,Ion Torrent PGM,SRP007384,,,0,SRS213687,SAMN00631779,Genome-wide capture of plasticity-induced nascent RNAs in neurons: nRNA-seq,nervous system,,,,,,UF-LM,SRA039653,
SRR3211612,3/9/16 15:20,3/9/16 15:16,40606454,4806260339,0,118,3593,,https://sra-downloadb.be-md.ncbi.nlm.nih.gov/sos1/sra-pub-run-1/SRR3211612/SRR3211612.1,SRX263741,Serotonin Treated nRNA-Seq-2,RNA-Seq,RANDOM,TRANSCRIPTOMIC,SINGLE,0,0,ION_TORRENT,Ion Torrent PGM,SRP007384,,,0,SRS213687,SAMN00631779,Genome-wide capture of plasticity-induced nascent RNAs in neurons: nRNA-seq,nervous system,,,,,,UF-LM,SRA039653,
SRR824570,6/14/13 0:00,4/11/13 16:26,1413833,178927272,0,126,139,,https://sra-downloadb.be-md.ncbi.nlm.nih.gov/sos1/sra-pub-run-2/SRR824570/SRR824570.1,SRX263741,Serotonin Treated nRNA-Seq-2,RNA-Seq,RANDOM,TRANSCRIPTOMIC,SINGLE,0,0,ION_TORRENT,Ion Torrent PGM,SRP007384,,,0,SRS213687,SAMN00631779,Genome-wide capture of plasticity-induced nascent RNAs in neurons: nRNA-seq,nervous system,,,,,,UF-LM,SRA039653,
SRR824571,6/14/13 0:00,4/11/13 16:27,2286145,304421562,0,133,233,,https://sra-downloadb.be-md.ncbi.nlm.nih.gov/sos1/sra-pub-run-2/SRR824571/SRR824571.1,SRX263741,Serotonin Treated nRNA-Seq-3,RNA-Seq,RANDOM,TRANSCRIPTOMIC,SINGLE,0,0,ION_TORRENT,Ion Torrent PGM,SRP007384,,,0,SRS213687,SAMN00631779,Genome-wide capture of plasticity-induced nascent RNAs in neurons: nRNA-seq,nervous system,,,,,,UF-LM,SRA039653,
SRR824572,6/14/13 0:00,4/11/13 16:27,1967320,231300783,0,117,177,,https://sra-downloadb.be-md.ncbi.nlm.nih.gov/sos1/sra-pub-run-2/SRR824572/SRR824572.1,SRX263742,NO treated nRNA-Seq-2,RNA-Seq,RANDOM,TRANSCRIPTOMIC,SINGLE,0,0,ION_TORRENT,Ion Torrent PGM,SRP007384,,,0,SRS213687,SAMN00631779,Genome-wide capture of plasticity-induced nascent RNAs in neurons: nRNA-seq,nervous system,,,,,,UF-LM,SRA039653,
SRR305169,6/14/13 0:00,5/30/14 20:24,113744,18739198,0,164,42,,https://sra-downloadb.be-md.ncbi.nlm.nih.gov/sos1/sra-pub-run-1/SRR305169/SRR305169.3,SRX081378,NO-1,RNA-Seq,RANDOM,TRANSCRIPTOMIC,SINGLE,0,0,LS454,454 GS 20,SRP007384,,,0,SRS213687,SAMN00631779,Genome-wide capture of plasticity-induced nascent RNAs in neurons: nRNA-seq,nervous system,,,,,,UF-LM,SRA039653,
SRR027050,2/21/15 0:00,1/19/12 16:25,159368,19200756,0,120,45,,https://sra-downloadb.be-md.ncbi.nlm.nih.gov/sos1/sra-pub-run-5/SRR027050/SRR027050.3,SRX010870,L7 Aplysia,AMPLICON,cDNA,TRANSCRIPTOMIC,SINGLE,0,0,LS454,454 GS 20,SRP000986,,,0,SRS005517,SAMN00003228,L7 Neuron,nervous system,abdominal ganglion,motor neuron,L7,single cell,cholinergic,UF-LM,SRA009244,
SRR027051,2/21/15 0:00,1/19/12 16:25,235019,45299185,0,192,118,,https://sra-downloadb.be-md.ncbi.nlm.nih.gov/sos1/sra-pub-run-5/SRR027051/SRR027051.3,SRX010871,L7-2 Aplysia,FL-cDNA,cDNA,TRANSCRIPTOMIC,SINGLE,0,0,LS454,454 GS FLX,SRP000986,,,0,SRS005517,SAMN00003228,L7 Neuron,nervous system,abdominal ganglion,motor neuron,L7,single cell,cholinergic,UF-LM,SRA009244,
SRR027052,2/21/15 0:00,1/19/12 16:25,214114,41009932,0,191,107,,https://sra-downloadb.be-md.ncbi.nlm.nih.gov/sos1/sra-pub-run-5/SRR027052/SRR027052.3,SRX010871,L7-2 Aplysia,FL-cDNA,cDNA,TRANSCRIPTOMIC,SINGLE,0,0,LS454,454 GS FLX,SRP000986,,,0,SRS005517,SAMN00003228,L7 Neuron,nervous system,abdominal ganglion,motor neuron,L7,single cell,cholinergic,UF-LM,SRA009244,
SRR027053,2/21/15 0:00,1/19/12 16:25,271053,50253093,0,185,133,,https://sra-downloadb.be-md.ncbi.nlm.nih.gov/sos1/sra-pub-run-5/SRR027053/SRR027053.3,SRX010871,L7-2 Aplysia,FL-cDNA,cDNA,TRANSCRIPTOMIC,SINGLE,0,0,LS454,454 GS FLX,SRP000986,,,0,SRS005517,SAMN00003228,L7 Neuron,nervous system,abdominal ganglion,motor neuron,L7,single cell,cholinergic,UF-LM,SRA009244,
SRR027054,2/21/15 0:00,1/19/12 16:25,278498,52264595,0,187,139,,https://sra-downloadb.be-md.ncbi.nlm.nih.gov/sos1/sra-pub-run-5/SRR027054/SRR027054.3,SRX010871,L7-2 Aplysia,FL-cDNA,cDNA,TRANSCRIPTOMIC,SINGLE,0,0,LS454,454 GS FLX,SRP000986,,,0,SRS005517,SAMN00003228,L7 Neuron,nervous system,abdominal ganglion,motor neuron,L7,single cell,cholinergic,UF-LM,SRA009244,
SRR027055,2/21/15 0:00,1/19/12 16:25,12189,2329403,0,191,6,,https://sra-downloadb.be-md.ncbi.nlm.nih.gov/sos1/sra-pub-run-5/SRR027055/SRR027055.3,SRX010871,L7-2 Aplysia,FL-cDNA,cDNA,TRANSCRIPTOMIC,SINGLE,0,0,LS454,454 GS FLX,SRP000986,,,0,SRS005517,SAMN00003228,L7 Neuron,nervous system,abdominal ganglion,motor neuron,L7,single cell,cholinergic,UF-LM,SRA009244,
SRR027056,2/21/15 0:00,1/19/12 16:25,76543,16747518,0,218,43,,https://sra-downloadb.be-md.ncbi.nlm.nih.gov/sos1/sra-pub-run-5/SRR027056/SRR027056.3,SRX010871,L7-2 Aplysia,FL-cDNA,cDNA,TRANSCRIPTOMIC,SINGLE,0,0,LS454,454 GS FLX,SRP000986,,,0,SRS005517,SAMN00003228,L7 Neuron,nervous system,abdominal ganglion,motor neuron,L7,single cell,cholinergic,UF-LM,SRA009244,
SRR027057,2/21/15 0:00,1/19/12 16:25,151750,32479403,0,214,83,,https://sra-downloadb.be-md.ncbi.nlm.nih.gov/sos1/sra-pub-run-5/SRR027057/SRR027057.3,SRX010871,L7-2 Aplysia,FL-cDNA,cDNA,TRANSCRIPTOMIC,SINGLE,0,0,LS454,454 GS FLX,SRP000986,,,0,SRS005517,SAMN00003228,L7 Neuron,nervous system,abdominal ganglion,motor neuron,L7,single cell,cholinergic,UF-LM,SRA009244,
SRR027058,2/21/15 0:00,1/19/12 16:25,23673,5335274,0,225,13,,https://sra-downloadb.be-md.ncbi.nlm.nih.gov/sos1/sra-pub-run-5/SRR027058/SRR027058.3,SRX010871,L7-2 Aplysia,FL-cDNA,cDNA,TRANSCRIPTOMIC,SINGLE,0,0,LS454,454 GS FLX,SRP000986,,,0,SRS005517,SAMN00003228,L7 Neuron,nervous system,abdominal ganglion,motor neuron,L7,single cell,cholinergic,UF-LM,SRA009244,
SRR027059,2/21/15 0:00,1/19/12 16:25,216757,46720142,0,215,121,,https://sra-downloadb.be-md.ncbi.nlm.nih.gov/sos1/sra-pub-run-5/SRR027059/SRR027059.3,SRX010871,L7-2 Aplysia,FL-cDNA,cDNA,TRANSCRIPTOMIC,SINGLE,0,0,LS454,454 GS FLX,SRP000986,,,0,SRS005517,SAMN00003228,L7 Neuron,nervous system,abdominal ganglion,motor neuron,L7,single cell,cholinergic,UF-LM,SRA009244,
SRR027065,2/21/15 0:00,1/19/12 16:25,5810,686438,0,118,1,,https://sra-downloadb.be-md.ncbi.nlm.nih.gov/sos1/sra-pub-run-5/SRR027065/SRR027065.3,SRX010869,MCC Aplysia,AMPLICON,cDNA,TRANSCRIPTOMIC,SINGLE,0,0,LS454,454 GS 20,SRP000986,,,0,SRS005516,SAMN00003227,MCC Neuron,nervous system,cerebral ganglion,modulatory neuron,MCC,six cell,serotenergic,UF-LM,SRA009244,
SRR027066,2/21/15 0:00,1/19/12 16:25,122973,14774853,0,120,33,,https://sra-downloadb.be-md.ncbi.nlm.nih.gov/sos2/sra-pub-run-7/SRR027066/SRR027066.3,SRX010869,MCC Aplysia,AMPLICON,cDNA,TRANSCRIPTOMIC,SINGLE,0,0,LS454,454 GS 20,SRP000986,,,0,SRS005516,SAMN00003227,MCC Neuron,nervous system,cerebral ganglion,modulatory neuron,MCC,six cell,serotenergic,UF-LM,SRA009244,
SRR027067,2/21/15 0:00,1/19/12 16:25,136020,16206131,0,119,36,,https://sra-downloadb.be-md.ncbi.nlm.nih.gov/sos2/sra-pub-run-7/SRR027067/SRR027067.3,SRX010868,R2-1 Aplysia,AMPLICON,cDNA,TRANSCRIPTOMIC,SINGLE,0,0,LS454,454 GS 20,SRP000986,,,0,SRS004326,SAMN00003171,R2 Neuron,nervous system,abdominal ganglion,motor neuron,R2,single cell,cholinergic,UF-LM,SRA009244,
SRR027060,2/21/15 0:00,1/19/12 16:25,35551,7342639,0,206,17,,https://sra-downloadb.be-md.ncbi.nlm.nih.gov/sos1/sra-pub-run-5/SRR027060/SRR027060.3,SRX006884,R2 Aplysia,AMPLICON,cDNA,TRANSCRIPTOMIC,SINGLE,0,0,LS454,454 GS FLX,SRP000986,,,0,SRS004326,SAMN00003171,R2 Neuron,nervous system,abdominal ganglion,motor neuron,R2,single cell,cholinergic,UF-LM,SRA009244,
SRR027061,2/21/15 0:00,1/19/12 16:25,13001,2477063,0,190,6,,https://sra-downloadb.be-md.ncbi.nlm.nih.gov/sos1/sra-pub-run-5/SRR027061/SRR027061.3,SRX006884,R2 Aplysia,AMPLICON,cDNA,TRANSCRIPTOMIC,SINGLE,0,0,LS454,454 GS FLX,SRP000986,,,0,SRS004326,SAMN00003171,R2 Neuron,nervous system,abdominal ganglion,motor neuron,R2,single cell,cholinergic,UF-LM,SRA009244,
SRR027062,2/21/15 0:00,1/19/12 16:25,49334,10227663,0,207,25,,https://sra-downloadb.be-md.ncbi.nlm.nih.gov/sos1/sra-pub-run-5/SRR027062/SRR027062.3,SRX006884,R2 Aplysia,AMPLICON,cDNA,TRANSCRIPTOMIC,SINGLE,0,0,LS454,454 GS FLX,SRP000986,,,0,SRS004326,SAMN00003171,R2 Neuron,nervous system,abdominal ganglion,motor neuron,R2,single cell,cholinergic,UF-LM,SRA009244,
SRR027063,2/21/15 0:00,1/19/12 16:25,2220,451453,0,203,1,,https://sra-downloadb.be-md.ncbi.nlm.nih.gov/sos1/sra-pub-run-5/SRR027063/SRR027063.3,SRX006884,R2 Aplysia,AMPLICON,cDNA,TRANSCRIPTOMIC,SINGLE,0,0,LS454,454 GS FLX,SRP000986,,,0,SRS004326,SAMN00003171,R2 Neuron,nervous system,abdominal ganglion,motor neuron,R2,single cell,cholinergic,UF-LM,SRA009244,
SRR027064,2/21/15 0:00,1/19/12 16:25,5788,681499,0,117,1,,https://sra-downloadb.be-md.ncbi.nlm.nih.gov/sos1/sra-pub-run-5/SRR027064/SRR027064.3,SRX010868,R2-1 Aplysia,AMPLICON,cDNA,TRANSCRIPTOMIC,SINGLE,0,0,LS454,454 GS 20,SRP000986,,,0,SRS004326,SAMN00003171,R2 Neuron,nervous system,abdominal ganglion,motor neuron,R2,single cell,cholinergic,UF-LM,SRA009244,
SRR027068,2/21/15 0:00,1/19/12 16:25,177517,21691429,0,122,50,,https://sra-downloadb.be-md.ncbi.nlm.nih.gov/sos2/sra-pub-run-7/SRR027068/SRR027068.3,SRX010872,SNC Aplysia,FL-cDNA,cDNA,TRANSCRIPTOMIC,SINGLE,0,0,LS454,454 GS 20,SRP000986,,,0,SRS005518,SAMN00003229,Sensory Neuron Cluster,nervous system,pleural ganglion,sensory neuron,PVC,cluster,glutematergic,UF-LM,SRA009244,
SRR825497,2/21/15 0:00,4/15/13 16:20,2061531,213742724,0,103,173,,https://sra-downloadb.be-md.ncbi.nlm.nih.gov/sos1/sra-pub-run-2/SRR825497/SRR825497.1,SRX264467,LE (9 cells),RNA-Seq,RANDOM,TRANSCRIPTOMIC,SINGLE,0,0,ION_TORRENT,Ion Torrent PGM,SRP007385,,,0,SRS213688,SAMN00631780,Single-Cell Semiconductor Sequencing: scRNA-Seq,nervous system,abdominal ganglion,sensory neuron,LE,nine cell,,UF-LM,SRA039654,
SRR825498,2/21/15 0:00,4/15/13 16:19,2411297,225852429,0,93,181,,https://sra-downloadb.be-md.ncbi.nlm.nih.gov/sos1/sra-pub-run-2/SRR825498/SRR825498.1,SRX264468,LFS (9 cell),RNA-Seq,RANDOM,TRANSCRIPTOMIC,SINGLE,0,0,ION_TORRENT,Ion Torrent PGM,SRP007385,,,0,SRS213688,SAMN00631780,Single-Cell Semiconductor Sequencing: scRNA-Seq,nervous system,abdominal ganglion,motor neuron,LFS,nine cell,,UF-LM,SRA039654,
SRR825499,2/21/15 0:00,4/15/13 16:19,1191491,117105966,0,98,93,,https://sra-downloadb.be-md.ncbi.nlm.nih.gov/sos1/sra-pub-run-2/SRR825499/SRR825499.1,SRX264469,L29 (1 cell),RNA-Seq,RANDOM,TRANSCRIPTOMIC,SINGLE,0,0,ION_TORRENT,Ion Torrent PGM,SRP007385,,,0,SRS213688,SAMN00631780,Single-Cell Semiconductor Sequencing: scRNA-Seq,nervous system,abdominal ganglion,interneuron,L29,single cell,,UF-LM,SRA039654,
SRR825500,2/21/15 0:00,4/15/13 16:19,1804700,127498679,0,70,103,,https://sra-downloadb.be-md.ncbi.nlm.nih.gov/sos1/sra-pub-run-2/SRR825500/SRR825500.1,SRX264470,LE-2 (9cell),RNA-Seq,RANDOM,TRANSCRIPTOMIC,SINGLE,0,0,ION_TORRENT,Ion Torrent PGM,SRP007385,,,0,SRS213688,SAMN00631780,Single-Cell Semiconductor Sequencing: scRNA-Seq,nervous system,abdominal ganglion,sensory neuron,LE,nine cell,,UF-LM,SRA039654,
SRR825501,2/21/15 0:00,4/15/13 16:20,2950115,259558342,0,87,201,,https://sra-downloadb.be-md.ncbi.nlm.nih.gov/sos1/sra-pub-run-2/SRR825501/SRR825501.1,SRX264471,Bag cells,RNA-Seq,RANDOM,TRANSCRIPTOMIC,SINGLE,0,0,ION_TORRENT,Ion Torrent PGM,SRP007385,,,0,SRS213688,SAMN00631780,Single-Cell Semiconductor Sequencing: scRNA-Seq,nervous system,abdominal ganglion,neuroendocrine,Bag cells,cluster,,UF-LM,SRA039654,
SRR825502,2/21/15 0:00,4/15/13 16:19,885404,80268409,0,90,62,,https://sra-downloadb.be-md.ncbi.nlm.nih.gov/sos1/sra-pub-run-2/SRR825502/SRR825502.1,SRX264472,R15 (1cell),RNA-Seq,RANDOM,TRANSCRIPTOMIC,SINGLE,0,0,ION_TORRENT,Ion Torrent PGM,SRP007385,,,0,SRS213688,SAMN00631780,Single-Cell Semiconductor Sequencing: scRNA-Seq,nervous system,abdominal ganglion,interneuron,R15,single cell,cholinergic,UF-LM,SRA039654,
SRR3211405,3/8/17 0:00,3/8/16 12:09,3244010,519211662,0,160,409,,https://sra-downloadb.be-md.ncbi.nlm.nih.gov/sos1/sra-pub-run-1/SRR3211405/SRR3211405.1,SRX1619154,L7_2_IT,RNA-Seq,RANDOM,TRANSCRIPTOMIC,SINGLE,0,0,ION_TORRENT,Ion Torrent PGM,SRP007385,,,0,SRS213688,SAMN00631780,Single-Cell Semiconductor Sequencing: scRNA-Seq,nervous system,abdominal ganglion,motor neuron,L7,single cell,cholinergic,UF-LM,SRA039654,
SRR3211406,3/8/17 0:00,3/8/16 10:49,2516785,268289830,0,106,209,,https://sra-downloadb.be-md.ncbi.nlm.nih.gov/sos1/sra-pub-run-1/SRR3211406/SRR3211406.1,SRX1619155,LFs_2_IT _9_cells,RNA-Seq,RANDOM,TRANSCRIPTOMIC,SINGLE,0,0,ION_TORRENT,Ion Torrent PGM,SRP007385,,,0,SRS213688,SAMN00631780,Single-Cell Semiconductor Sequencing: scRNA-Seq,nervous system,abdominal ganglion,motor neuron,LFS,nine cell,,UF-LM,SRA039654,
SRR3211408,3/8/17 0:00,3/8/16 12:10,2656728,309551986,0,116,247,,https://sra-downloadb.be-md.ncbi.nlm.nih.gov/sos1/sra-pub-run-1/SRR3211408/SRR3211408.1,SRX1619156,LFs_2_IT_1 cell,RNA-Seq,RANDOM,TRANSCRIPTOMIC,SINGLE,0,0,ION_TORRENT,Ion Torrent PGM,SRP007385,,,0,SRS213688,SAMN00631780,Single-Cell Semiconductor Sequencing: scRNA-Seq,nervous system,abdominal ganglion,motor neuron,LFS,single cell,,UF-LM,SRA039654,
SRR3211409,3/8/17 0:00,3/10/16 11:16,66270885,7644036055,0,115,5937,,https://sra-downloadb.be-md.ncbi.nlm.nih.gov/sos1/sra-pub-run-1/SRR3211409/SRR3211409.1,SRX1619157,LFs_3_IT_1 cell,RNA-Seq,RANDOM,TRANSCRIPTOMIC,SINGLE,0,0,ION_TORRENT,Ion Torrent PGM,SRP007385,,,0,SRS213688,SAMN00631780,Single-Cell Semiconductor Sequencing: scRNA-Seq,nervous system,abdominal ganglion,motor neuron,LFS,single cell,,UF-LM,SRA039654,
SRR3211446,3/8/17 0:00,3/8/16 12:02,270388,28517027,0,105,23,,https://sra-downloadb.be-md.ncbi.nlm.nih.gov/sos1/sra-pub-run-1/SRR3211446/SRR3211446.1,SRX1619158,LFs_1_PT_IT,RNA-Seq,RANDOM,TRANSCRIPTOMIC,SINGLE,0,0,ION_TORRENT,Ion Torrent PGM,SRP007385,,,0,SRS213688,SAMN00631780,Single-Cell Semiconductor Sequencing: scRNA-Seq,nervous system,abdominal ganglion,motor neuron,LFS,single cell,,UF-LM,SRA039654,
SRR3211456,3/8/17 0:00,3/8/16 12:05,337129,43476733,0,128,34,,https://sra-downloadb.be-md.ncbi.nlm.nih.gov/sos1/sra-pub-run-1/SRR3211456/SRR3211456.1,SRX1619182,L29_PT_IT,RNA-Seq,RANDOM,TRANSCRIPTOMIC,SINGLE,0,0,ION_TORRENT,Ion Torrent PGM,SRP007385,,,0,SRS213688,SAMN00631780,Single-Cell Semiconductor Sequencing: scRNA-Seq,nervous system,abdominal ganglion,interneuron,L29,single cell,,UF-LM,SRA039654,
SRR3211483,3/8/17 0:00,3/8/16 15:15,20053028,1862467120,0,92,1454,,https://sra-downloadb.be-md.ncbi.nlm.nih.gov/sos1/sra-pub-run-1/SRR3211483/SRR3211483.1,SRX1619217,L29_2_IT,RNA-Seq,RANDOM,TRANSCRIPTOMIC,SINGLE,0,0,ION_TORRENT,Ion Torrent PGM,SRP007385,,,0,SRS213688,SAMN00631780,Single-Cell Semiconductor Sequencing: scRNA-Seq,nervous system,abdominal ganglion,interneuron,L29,single cell,,UF-LM,SRA039654,
SRR3211539,3/8/17 0:00,3/8/16 19:57,38151684,3783776294,0,99,2886,,https://sra-downloadb.be-md.ncbi.nlm.nih.gov/sos1/sra-pub-run-1/SRR3211539/SRR3211539.1,SRX1619219,L29_3_IT,RNA-Seq,RANDOM,TRANSCRIPTOMIC,SINGLE,0,0,ION_TORRENT,Ion Torrent PGM,SRP007385,,,0,SRS213688,SAMN00631780,Single-Cell Semiconductor Sequencing: scRNA-Seq,nervous system,abdominal ganglion,interneuron,L29,single cell,,UF-LM,SRA039654,
SRR3211554,3/8/17 0:00,3/10/16 11:03,383284,55604558,0,145,45,,https://sra-downloadb.be-md.ncbi.nlm.nih.gov/sos1/sra-pub-run-1/SRR3211554/SRR3211554.1,SRX1619226,LE_1_IT,RNA-Seq,RANDOM,TRANSCRIPTOMIC,SINGLE,0,0,ION_TORRENT,Ion Torrent PGM,SRP007385,,,0,SRS213688,SAMN00631780,Single-Cell Semiconductor Sequencing: scRNA-Seq,nervous system,abdominal ganglion,sensory neuron,LE,single cell,,UF-LM,SRA039654,
SRR3211555,3/8/17 0:00,3/8/16 12:25,417874,43366054,0,103,35,,https://sra-downloadb.be-md.ncbi.nlm.nih.gov/sos1/sra-pub-run-1/SRR3211555/SRR3211555.1,SRX1619228,LE_2_IT,RNA-Seq,RANDOM,TRANSCRIPTOMIC,SINGLE,0,0,ION_TORRENT,Ion Torrent PGM,SRP007385,,,0,SRS213688,SAMN00631780,Single-Cell Semiconductor Sequencing: scRNA-Seq,nervous system,abdominal ganglion,sensory neuron,LE,single cell,,UF-LM,SRA039654,
SRR3211556,3/8/17 0:00,3/8/16 11:52,445251,60053297,0,134,47,,https://sra-downloadb.be-md.ncbi.nlm.nih.gov/sos1/sra-pub-run-1/SRR3211556/SRR3211556.1,SRX1619229,LE_3_IT,RNA-Seq,RANDOM,TRANSCRIPTOMIC,SINGLE,0,0,ION_TORRENT,Ion Torrent PGM,SRP007385,,,0,SRS213688,SAMN00631780,Single-Cell Semiconductor Sequencing: scRNA-Seq,nervous system,abdominal ganglion,sensory neuron,LE,single cell,,UF-LM,SRA039654,
SRR3211557,3/8/17 0:00,3/8/16 12:11,2084079,224034582,0,107,186,,https://sra-downloadb.be-md.ncbi.nlm.nih.gov/sos1/sra-pub-run-1/SRR3211557/SRR3211557.1,SRX1619230,LE training LE-1 LE-2,RNA-Seq,RANDOM,TRANSCRIPTOMIC,SINGLE,0,0,ION_TORRENT,Ion Torrent PGM,SRP007385,,,0,SRS213688,SAMN00631780,Single-Cell Semiconductor Sequencing: scRNA-Seq,nervous system,abdominal ganglion,sensory neuron,LE,single cell,,UF-LM,SRA039654,
SRR3211558,3/8/17 0:00,3/8/16 12:20,1932043,189056748,0,97,158,,https://sra-downloadb.be-md.ncbi.nlm.nih.gov/sos1/sra-pub-run-1/SRR3211558/SRR3211558.1,SRX1619231,LE training LE-3 LE-UP,RNA-Seq,RANDOM,TRANSCRIPTOMIC,SINGLE,0,0,ION_TORRENT,Ion Torrent PGM,SRP007385,,,0,SRS213688,SAMN00631780,Single-Cell Semiconductor Sequencing: scRNA-Seq,nervous system,abdominal ganglion,sensory neuron,LE,single cell,,UF-LM,SRA039654,
SRR3211559,3/8/17 0:00,3/8/16 12:09,259205,37996935,0,146,30,,https://sra-downloadb.be-md.ncbi.nlm.nih.gov/sos1/sra-pub-run-1/SRR3211559/SRR3211559.1,SRX1619232,LE paired trained on-field neurons 1 and 2,RNA-Seq,RANDOM,TRANSCRIPTOMIC,SINGLE,0,0,ION_TORRENT,Ion Torrent PGM,SRP007385,,,0,SRS213688,SAMN00631780,Single-Cell Semiconductor Sequencing: scRNA-Seq,nervous system,abdominal ganglion,sensory neuron,LE,single cell,,UF-LM,SRA039654,
SRR3211560,3/8/17 0:00,3/8/16 12:10,98906,10802455,0,109,8,,https://sra-downloadb.be-md.ncbi.nlm.nih.gov/sos1/sra-pub-run-1/SRR3211560/SRR3211560.1,SRX1619233,LE paired trained on-field neuron 3,RNA-Seq,RANDOM,TRANSCRIPTOMIC,SINGLE,0,0,ION_TORRENT,Ion Torrent PGM,SRP007385,,,0,SRS213688,SAMN00631780,Single-Cell Semiconductor Sequencing: scRNA-Seq,nervous system,abdominal ganglion,sensory neuron,LE,single cell,,UF-LM,SRA039654,
SRR3211561,3/8/17 0:00,3/9/16 5:24,1387943,179977731,0,129,141,,https://sra-downloadb.be-md.ncbi.nlm.nih.gov/sos1/sra-pub-run-1/SRR3211561/SRR3211561.1,SRX1619234,F_cluster_2_IT,RNA-Seq,RANDOM,TRANSCRIPTOMIC,SINGLE,0,0,ION_TORRENT,Ion Torrent PGM,SRP007385,,,0,SRS213688,SAMN00631780,Single-Cell Semiconductor Sequencing: scRNA-Seq,nervous system,cerebral ganglion,neuroendocrine,F cluster,cluster,histaminergic,UF-LM,SRA039654,
SRR3211562,3/8/17 0:00,3/9/16 5:20,2865408,438841090,0,153,344,,https://sra-downloadb.be-md.ncbi.nlm.nih.gov/sos1/sra-pub-run-1/SRR3211562/SRR3211562.1,SRX1619235,E_cluster_IT,RNA-Seq,RANDOM,TRANSCRIPTOMIC,SINGLE,0,0,ION_TORRENT,Ion Torrent PGM,SRP007385,,,0,SRS213688,SAMN00631780,Single-Cell Semiconductor Sequencing: scRNA-Seq,nervous system,cerebral ganglion,neuroendocrine,E cluster,cluster,histaminergic,UF-LM,SRA039654,
SRR3211563,3/8/17 0:00,3/9/16 4:59,36876214,4748455412,0,128,3673,,https://sra-downloadb.be-md.ncbi.nlm.nih.gov/sos1/sra-pub-run-1/SRR3211563/SRR3211563.1,SRX1619236,rMCC_ERCC_IT,RNA-Seq,RANDOM,TRANSCRIPTOMIC,SINGLE,0,0,ION_TORRENT,Ion Torrent PGM,SRP007385,,,0,SRS213688,SAMN00631780,Single-Cell Semiconductor Sequencing: scRNA-Seq,nervous system,cerebral ganglion,modulatory neuron,MCC,cluster,serotenergic,UF-LM,SRA039654,
SRR3211564,3/8/17 0:00,3/9/16 5:13,55649074,7197514035,0,129,5609,,https://sra-downloadb.be-md.ncbi.nlm.nih.gov/sos1/sra-pub-run-1/SRR3211564/SRR3211564.1,SRX1619237,SN-VC_ERCC_IT,RNA-Seq,RANDOM,TRANSCRIPTOMIC,SINGLE,0,0,ION_TORRENT,Ion Torrent PGM,SRP007385,,,0,SRS213688,SAMN00631780,Single-Cell Semiconductor Sequencing: scRNA-Seq,nervous system,pleural ganglion,sensory neuron,PVC,cluster,glutematergic,UF-LM,SRA039654,
SRR305170,2/21/15 0:00,5/30/14 20:24,123253,22182892,0,179,48,,https://sra-downloadb.be-md.ncbi.nlm.nih.gov/sos1/sra-pub-run-1/SRR305170/SRR305170.3,SRX081379,R2,RNA-Seq,RANDOM,TRANSCRIPTOMIC,SINGLE,0,0,LS454,454 GS 20,SRP007385,,,0,SRS213688,SAMN00631780,Single-Cell Semiconductor Sequencing: scRNA-Seq,nervous system,abdominal ganglion,motor neuron,R2,single cell,cholinergic,UF-LM,SRA039654,
SRR305171,2/21/15 0:00,5/30/14 20:25,111913,24839667,0,221,50,,https://sra-downloadb.be-md.ncbi.nlm.nih.gov/sos1/sra-pub-run-1/SRR305171/SRR305171.3,SRX081380,L7,RNA-Seq,RANDOM,TRANSCRIPTOMIC,SINGLE,0,0,LS454,454 GS 20,SRP007385,,,0,SRS213688,SAMN00631780,Single-Cell Semiconductor Sequencing: scRNA-Seq,nervous system,abdominal ganglion,motor neuron,L7,single cell,cholinergic,UF-LM,SRA039654,
SRR027167,2/21/15 0:00,1/19/12 16:25,13653,3087163,0,226,7,,https://sra-downloadb.be-md.ncbi.nlm.nih.gov/sos2/sra-pub-run-7/SRR027167/SRR027167.3,SRX011016,FX,AMPLICON,RANDOM,TRANSCRIPTOMIC,SINGLE,0,0,LS454,454 GS FLX,SRP001196,,,0,SRS005630,SAMN00003357,Aplysia Fragile X cargo,nervous system,pleural ganglion,,,Fragile X cargo,,UF-LM,SRA009824,https://www.pnas.org/content/110/18/7465
SRR027168,2/21/15 0:00,1/19/12 16:25,1540,299449,0,194,0,,https://sra-downloadb.be-md.ncbi.nlm.nih.gov/sos2/sra-pub-run-7/SRR027168/SRR027168.3,SRX011016,FX,AMPLICON,RANDOM,TRANSCRIPTOMIC,SINGLE,0,0,LS454,454 GS FLX,SRP001196,,,0,SRS005630,SAMN00003357,Aplysia Fragile X cargo,nervous system,pleural ganglion,,,Fragile X cargo,,UF-LM,SRA009824,https://www.pnas.org/content/110/18/7465
SRR027169,2/21/15 0:00,1/19/12 16:25,12000,2324301,0,193,6,,https://sra-downloadb.be-md.ncbi.nlm.nih.gov/sos2/sra-pub-run-7/SRR027169/SRR027169.3,SRX011016,FX,AMPLICON,RANDOM,TRANSCRIPTOMIC,SINGLE,0,0,LS454,454 GS FLX,SRP001196,,,0,SRS005630,SAMN00003357,Aplysia Fragile X cargo,nervous system,pleural ganglion,,,Fragile X cargo,,UF-LM,SRA009824,https://www.pnas.org/content/110/18/7465
SRR027170,2/21/15 0:00,1/19/12 16:25,191,35800,0,187,0,,https://sra-downloadb.be-md.ncbi.nlm.nih.gov/sos2/sra-pub-run-7/SRR027170/SRR027170.3,SRX011016,FX,AMPLICON,RANDOM,TRANSCRIPTOMIC,SINGLE,0,0,LS454,454 GS FLX,SRP001196,,,0,SRS005630,SAMN00003357,Aplysia Fragile X cargo,nervous system,pleural ganglion,,,Fragile X cargo,,UF-LM,SRA009824,https://www.pnas.org/content/110/18/7465
SRR027165,4/12/13 0:00,1/19/12 16:25,2865,593753,0,207,1,,https://sra-downloadb.be-md.ncbi.nlm.nih.gov/sos2/sra-pub-run-7/SRR027165/SRR027165.3,SRX011015,IP,AMPLICON,RANDOM,TRANSCRIPTOMIC,SINGLE,0,0,LS454,454 GS FLX,SRP001195,,,0,SRS005629,SAMN00003356,Aplysia kinesin cargo,nervous system,pleural ganglion,,,kinesin cargo,,UF-LM,SRA009823,https://www.pnas.org/content/110/18/7464
SRR027166,4/12/13 0:00,1/19/12 16:25,2797,326898,0,116,0,,https://sra-downloadb.be-md.ncbi.nlm.nih.gov/sos2/sra-pub-run-7/SRR027166/SRR027166.3,SRX011014,IP,AMPLICON,RANDOM,TRANSCRIPTOMIC,SINGLE,0,0,LS454,454 GS 20,SRP001195,,,0,SRS005629,SAMN00003356,Aplysia kinesin cargo,nervous system,pleural ganglion,,,kinesin cargo,,UF-LM,SRA009823,https://www.pnas.org/content/110/18/7465
SRR305167,6/14/13 0:00,5/30/14 20:24,196370,37226452,0,189,76,,https://sra-downloadb.be-md.ncbi.nlm.nih.gov/sos1/sra-pub-run-1/SRR305167/SRR305167.3,SRX081376,5HT-1,RNA-Seq,RANDOM,TRANSCRIPTOMIC,SINGLE,0,0,LS454,454 GS 20,SRP007384,,,0,SRS213687,SAMN00631779,Genome-wide capture of plasticity-induced nascent RNAs in neurons: nRNA-seq,nervous system,,,,,,UF-LM,SRA039653,
SRR305168,6/14/13 0:00,5/30/14 20:23,21112,4674338,0,221,8,,https://sra-downloadb.be-md.ncbi.nlm.nih.gov/sos1/sra-pub-run-1/SRR305168/SRR305168.3,SRX081377,5HT-2,RNA-Seq,RANDOM,TRANSCRIPTOMIC,SINGLE,0,0,LS454,454 GS 20,SRP007384,,,0,SRS213687,SAMN00631779,Genome-wide capture of plasticity-induced nascent RNAs in neurons: nRNA-seq,nervous system,,,,,,UF-LM,SRA039653,
SRR306592,6/14/13 0:00,5/30/14 20:52,81681,15118036,0,185,32,,https://sra-downloadb.be-md.ncbi.nlm.nih.gov/sos1/sra-pub-run-1/SRR306592/SRR306592.3,SRX081377,5HT-2,RNA-Seq,RANDOM,TRANSCRIPTOMIC,SINGLE,0,0,LS454,454 GS 20,SRP007384,,,0,SRS213687,SAMN00631779,Genome-wide capture of plasticity-induced nascent RNAs in neurons: nRNA-seq,nervous system,,,,,,UF-LM,SRA039653,
SRR027138,2/21/15 0:00,1/19/12 16:25,7425,1413934,0,190,3,,https://sra-downloadb.be-md.ncbi.nlm.nih.gov/sos2/sra-pub-run-7/SRR027138/SRR027138.3,SRX011003,AcHeart,AMPLICON,RANDOM,TRANSCRIPTOMIC,SINGLE,0,0,LS454,454 GS FLX,SRP001185,,,0,SRS005620,SAMN00003347,Heart,heart,,whole tissue,,,,UF-LM,SRA009814,
SRR027139,2/21/15 0:00,1/19/12 16:25,91047,16654708,0,182,36,,https://sra-downloadb.be-md.ncbi.nlm.nih.gov/sos2/sra-pub-run-7/SRR027139/SRR027139.3,SRX011003,AcHeart,AMPLICON,RANDOM,TRANSCRIPTOMIC,SINGLE,0,0,LS454,454 GS FLX,SRP001185,,,0,SRS005620,SAMN00003347,Heart,heart,,whole tissue,,,,UF-LM,SRA009814,
SRR027140,2/21/15 0:00,1/19/12 16:25,6657,1174043,0,176,2,,https://sra-downloadb.be-md.ncbi.nlm.nih.gov/sos2/sra-pub-run-7/SRR027140/SRR027140.3,SRX011004,AcSG,AMPLICON,RANDOM,TRANSCRIPTOMIC,SINGLE,0,0,LS454,454 GS FLX,SRP001185,,,0,SRS005621,SAMN00003348,Salivary gland,salivary gland,,whole tissue,,,,UF-LM,SRA009814,
SRR027141,2/21/15 0:00,1/19/12 16:25,129776,21330370,0,164,50,,https://sra-downloadb.be-md.ncbi.nlm.nih.gov/sos1/sra-pub-run-5/SRR027141/SRR027141.3,SRX011004,AcSG,AMPLICON,RANDOM,TRANSCRIPTOMIC,SINGLE,0,0,LS454,454 GS FLX,SRP001185,,,0,SRS005621,SAMN00003348,Salivary gland,salivary gland,,whole tissue,,,,UF-LM,SRA009814,
SRR027142,2/21/15 0:00,1/19/12 16:25,147005,23321290,0,158,56,,https://sra-downloadb.be-md.ncbi.nlm.nih.gov/sos1/sra-pub-run-5/SRR027142/SRR027142.3,SRX011005,AcProc,AMPLICON,RANDOM,TRANSCRIPTOMIC,SINGLE,0,0,LS454,454 GS FLX,SRP001188,,,0,SRS005622,SAMN00003349,Sensory neuron processes,nervous system,abdominal ganglion,sensory neuron,LE,process,,UF-LM,SRA009816,
SRR027143,2/21/15 0:00,1/19/12 16:25,3987,615840,0,154,1,,https://sra-downloadb.be-md.ncbi.nlm.nih.gov/sos1/sra-pub-run-5/SRR027143/SRR027143.3,SRX011005,AcProc,AMPLICON,RANDOM,TRANSCRIPTOMIC,SINGLE,0,0,LS454,454 GS FLX,SRP001188,,,0,SRS005622,SAMN00003349,Sensory neuron processes,nervous system,abdominal ganglion,sensory neuron,LE,process,,UF-LM,SRA009816,
SRR027144,2/21/15 0:00,1/19/12 16:25,1751,323542,0,184,0,,https://sra-downloadb.be-md.ncbi.nlm.nih.gov/sos1/sra-pub-run-5/SRR027144/SRR027144.3,SRX011005,AcProc,AMPLICON,RANDOM,TRANSCRIPTOMIC,SINGLE,0,0,LS454,454 GS FLX,SRP001188,,,0,SRS005622,SAMN00003349,Sensory neuron processes,nervous system,abdominal ganglion,sensory neuron,LE,process,,UF-LM,SRA009816,
SRR12061201,8/11/20 18:10,6/20/20 17:51,14682996,2731037256,14682996,186,1795,,https://sra-downloadb.be-md.ncbi.nlm.nih.gov/sos3/sra-pub-run-19/SRR12061201/SRR12061201.1,SRX8589115,P75,RNA-Seq,PolyA,TRANSCRIPTOMIC,PAIRED,0,0,ILLUMINA,Illumina HiSeq 2500,SRP268155,PRJNA639857,,639857,SRS6880583,SAMN15282888,Aplysia_77-11-PVC,nervous system,pleural ganglion,sensory neuron,PVC,cluster,glutematergic,UNIVERSITY OF MIAMI,SRA1089361,
SRR12061200,8/11/20 18:10,6/20/20 17:49,15640030,2909045580,15640030,186,1880,,https://sra-downloadb.be-md.ncbi.nlm.nih.gov/sos3/sra-pub-run-21/SRR12061200/SRR12061200.1,SRX8589116,P76,RNA-Seq,PolyA,TRANSCRIPTOMIC,PAIRED,0,0,ILLUMINA,Illumina HiSeq 2500,SRP268155,PRJNA639857,,639857,SRS6880584,SAMN15282889,Aplysia_77-12-PVC,nervous system,pleural ganglion,sensory neuron,PVC,cluster,glutematergic,UNIVERSITY OF MIAMI,SRA1089361,
SRR12061250,8/11/20 18:10,6/20/20 17:47,17629058,3279004788,17629058,186,2176,,https://sra-downloadb.be-md.ncbi.nlm.nih.gov/sos3/sra-pub-run-21/SRR12061250/SRR12061250.1,SRX8589067,P02,RNA-Seq,PolyA,TRANSCRIPTOMIC,PAIRED,0,0,ILLUMINA,Illumina HiSeq 2500,SRP268155,PRJNA639857,,639857,SRS6880535,SAMN15282838,Aplysia_77-13-BSC,nervous system,buccal ganglion,sensory neuron,BSC,cluster,glutematergic,UNIVERSITY OF MIAMI,SRA1089361,
SRR12061251,8/11/20 18:10,6/20/20 18:21,19704738,3665081268,19704738,186,2390,,https://sra-downloadb.be-md.ncbi.nlm.nih.gov/sos3/sra-pub-run-20/SRR12061251/SRR12061251.1,SRX8589066,P01,RNA-Seq,PolyA,TRANSCRIPTOMIC,PAIRED,0,0,ILLUMINA,Illumina HiSeq 2500,SRP268155,PRJNA639857,,639857,SRS6880534,SAMN15282837,Aplysia_77-15-PVC,nervous system,pleural ganglion,sensory neuron,PVC,cluster,glutematergic,UNIVERSITY OF MIAMI,SRA1089361,
SRR12061241,8/11/20 18:10,6/20/20 17:50,18449482,3431603652,18449482,186,2261,,https://sra-downloadb.be-md.ncbi.nlm.nih.gov/sos3/sra-pub-run-20/SRR12061241/SRR12061241.1,SRX8589076,P19,RNA-Seq,PolyA,TRANSCRIPTOMIC,PAIRED,0,0,ILLUMINA,Illumina HiSeq 2500,SRP268155,PRJNA639857,,639857,SRS6880544,SAMN15282855,Aplysia_77-16-PVC,nervous system,pleural ganglion,sensory neuron,PVC,cluster,glutematergic,UNIVERSITY OF MIAMI,SRA1089361,
SRR12061236,8/11/20 18:10,6/20/20 17:47,18480062,3437291532,18480062,186,2275,,https://sra-downloadb.be-md.ncbi.nlm.nih.gov/sos3/sra-pub-run-21/SRR12061236/SRR12061236.1,SRX8589079,P21,RNA-Seq,PolyA,TRANSCRIPTOMIC,PAIRED,0,0,ILLUMINA,Illumina HiSeq 2500,SRP268155,PRJNA639857,,639857,SRS6880547,SAMN15282857,Aplysia_77-17-BSC,nervous system,buccal ganglion,sensory neuron,BSC,cluster,glutematergic,UNIVERSITY OF MIAMI,SRA1089361,
SRR12061234,8/11/20 18:10,6/20/20 17:51,21097431,3924122166,21097431,186,2614,,https://sra-downloadb.be-md.ncbi.nlm.nih.gov/sos3/sra-pub-run-19/SRR12061234/SRR12061234.1,SRX8589082,P22,RNA-Seq,PolyA,TRANSCRIPTOMIC,PAIRED,0,0,ILLUMINA,Illumina HiSeq 2500,SRP268155,PRJNA639857,,639857,SRS6880550,SAMN15282858,Aplysia_77-18-BSC,nervous system,buccal ganglion,sensory neuron,BSC,cluster,glutematergic,UNIVERSITY OF MIAMI,SRA1089361,
SRR12061240,8/11/20 18:10,6/20/20 17:51,19965825,3713643450,19965825,186,2538,,https://sra-downloadb.be-md.ncbi.nlm.nih.gov/sos3/sra-pub-run-21/SRR12061240/SRR12061240.1,SRX8589077,P20,RNA-Seq,PolyA,TRANSCRIPTOMIC,PAIRED,0,0,ILLUMINA,Illumina HiSeq 2500,SRP268155,PRJNA639857,,639857,SRS6880545,SAMN15282856,Aplysia_77-18-PVC,nervous system,pleural ganglion,sensory neuron,PVC,cluster,glutematergic,UNIVERSITY OF MIAMI,SRA1089361,
SRR12061216,8/11/20 18:10,6/20/20 17:50,21003381,3906628866,21003381,186,2526,,https://sra-downloadb.be-md.ncbi.nlm.nih.gov/sos3/sra-pub-run-20/SRR12061216/SRR12061216.1,SRX8589100,P39,RNA-Seq,PolyA,TRANSCRIPTOMIC,PAIRED,0,0,ILLUMINA,Illumina HiSeq 2500,SRP268155,PRJNA639857,,639857,SRS6880568,SAMN15282875,Aplysia_77-19-BSC,nervous system,buccal ganglion,sensory neuron,BSC,cluster,glutematergic,UNIVERSITY OF MIAMI,SRA1089361,
SRR12061178,8/11/20 18:10,6/20/20 17:49,17224536,3203763696,17224536,186,2060,,https://sra-downloadb.be-md.ncbi.nlm.nih.gov/sos3/sra-pub-run-20/SRR12061178/SRR12061178.1,SRX8589138,P96,RNA-Seq,PolyA,TRANSCRIPTOMIC,PAIRED,0,0,ILLUMINA,Illumina HiSeq 2500,SRP268155,PRJNA639857,,639857,SRS6880606,SAMN15282909,Aplysia_77-20-BSC,nervous system,buccal ganglion,sensory neuron,BSC,cluster,glutematergic,UNIVERSITY OF MIAMI,SRA1089361,
SRR12061217,8/11/20 18:10,6/20/20 17:56,23807534,4428201324,23807534,186,2843,,https://sra-downloadb.be-md.ncbi.nlm.nih.gov/sos3/sra-pub-run-20/SRR12061217/SRR12061217.1,SRX8589099,P38,RNA-Seq,PolyA,TRANSCRIPTOMIC,PAIRED,0,0,ILLUMINA,Illumina HiSeq 2500,SRP268155,PRJNA639857,,639857,SRS6880567,SAMN15282874,Aplysia_77-20-PVC,nervous system,pleural ganglion,sensory neuron,PVC,cluster,glutematergic,UNIVERSITY OF MIAMI,SRA1089361,
SRR12061188,8/11/20 18:10,6/20/20 17:52,27732861,5158312146,27732861,186,3282,,https://sra-downloadb.be-md.ncbi.nlm.nih.gov/sos3/sra-pub-run-21/SRR12061188/SRR12061188.1,SRX8589128,P87,RNA-Seq,PolyA,TRANSCRIPTOMIC,PAIRED,0,0,ILLUMINA,Illumina HiSeq 2500,SRP268155,PRJNA639857,,639857,SRS6880596,SAMN15282900,Aplysia_77-21-BSC,nervous system,buccal ganglion,sensory neuron,BSC,cluster,glutematergic,UNIVERSITY OF MIAMI,SRA1089361,
SRR12061218,8/11/20 18:10,6/20/20 17:48,15494753,2882024058,15494753,186,1910,,https://sra-downloadb.be-md.ncbi.nlm.nih.gov/sos3/sra-pub-run-21/SRR12061218/SRR12061218.1,SRX8589098,P37,RNA-Seq,PolyA,TRANSCRIPTOMIC,PAIRED,0,0,ILLUMINA,Illumina HiSeq 2500,SRP268155,PRJNA639857,,639857,SRS6880566,SAMN15282873,Aplysia_77-21-PVC,nervous system,pleural ganglion,sensory neuron,PVC,cluster,glutematergic,UNIVERSITY OF MIAMI,SRA1089361,
SRR12061190,8/11/20 18:10,6/20/20 17:50,21450834,3989855124,21450834,186,2601,,https://sra-downloadb.be-md.ncbi.nlm.nih.gov/sos3/sra-pub-run-21/SRR12061190/SRR12061190.1,SRX8589126,P85,RNA-Seq,PolyA,TRANSCRIPTOMIC,PAIRED,0,0,ILLUMINA,Illumina HiSeq 2500,SRP268155,PRJNA639857,,639857,SRS6880594,SAMN15282898,Aplysia_77-24-PVC,nervous system,pleural ganglion,sensory neuron,PVC,cluster,glutematergic,UNIVERSITY OF MIAMI,SRA1089361,
SRR12061239,8/11/20 18:10,6/20/20 17:50,21211921,3945417306,21211921,186,2669,,https://sra-downloadb.be-md.ncbi.nlm.nih.gov/sos3/sra-pub-run-21/SRR12061239/SRR12061239.1,SRX8589078,P03,RNA-Seq,PolyA,TRANSCRIPTOMIC,PAIRED,0,0,ILLUMINA,Illumina HiSeq 2500,SRP268155,PRJNA639857,,639857,SRS6880546,SAMN15282839,Aplysia_77-25-PVC,nervous system,pleural ganglion,sensory neuron,PVC,cluster,glutematergic,UNIVERSITY OF MIAMI,SRA1089361,
SRR12061214,8/11/20 18:10,6/20/20 17:51,16064505,2987997930,16064505,186,1962,,https://sra-downloadb.be-md.ncbi.nlm.nih.gov/sos3/sra-pub-run-19/SRR12061214/SRR12061214.1,SRX8589102,P05,RNA-Seq,PolyA,TRANSCRIPTOMIC,PAIRED,0,0,ILLUMINA,Illumina HiSeq 2500,SRP268155,PRJNA639857,,639857,SRS6880570,SAMN15282841,Aplysia_77-27-BSC,nervous system,buccal ganglion,sensory neuron,BSC,cluster,glutematergic,UNIVERSITY OF MIAMI,SRA1089361,
SRR12061225,8/11/20 18:10,6/20/20 17:49,16255754,3023570244,16255754,186,1999,,https://sra-downloadb.be-md.ncbi.nlm.nih.gov/sos3/sra-pub-run-20/SRR12061225/SRR12061225.1,SRX8589091,P04,RNA-Seq,PolyA,TRANSCRIPTOMIC,PAIRED,0,0,ILLUMINA,Illumina HiSeq 2500,SRP268155,PRJNA639857,,639857,SRS6880559,SAMN15282840,Aplysia_77-27-PVC,nervous system,pleural ganglion,sensory neuron,PVC,cluster,glutematergic,UNIVERSITY OF MIAMI,SRA1089361,
SRR12061231,8/11/20 18:10,6/20/20 17:53,19646343,3654219798,19646343,186,2353,,https://sra-downloadb.be-md.ncbi.nlm.nih.gov/sos3/sra-pub-run-20/SRR12061231/SRR12061231.1,SRX8589085,P25,RNA-Seq,PolyA,TRANSCRIPTOMIC,PAIRED,0,0,ILLUMINA,Illumina HiSeq 2500,SRP268155,PRJNA639857,,639857,SRS6880553,SAMN15282861,Aplysia_77-28-BSC,nervous system,buccal ganglion,sensory neuron,BSC,cluster,glutematergic,UNIVERSITY OF MIAMI,SRA1089361,
SRR12061230,8/11/20 18:10,6/20/20 17:51,20130600,3744291600,20130600,186,2439,,https://sra-downloadb.be-md.ncbi.nlm.nih.gov/sos3/sra-pub-run-20/SRR12061230/SRR12061230.1,SRX8589086,P26,RNA-Seq,PolyA,TRANSCRIPTOMIC,PAIRED,0,0,ILLUMINA,Illumina HiSeq 2500,SRP268155,PRJNA639857,,639857,SRS6880554,SAMN15282862,Aplysia_77-29-BSC,nervous system,buccal ganglion,sensory neuron,BSC,cluster,glutematergic,UNIVERSITY OF MIAMI,SRA1089361,
SRR12061233,8/11/20 18:10,6/20/20 17:49,19139168,3559885248,19139168,186,2300,,https://sra-downloadb.be-md.ncbi.nlm.nih.gov/sos3/sra-pub-run-21/SRR12061233/SRR12061233.1,SRX8589083,P23,RNA-Seq,PolyA,TRANSCRIPTOMIC,PAIRED,0,0,ILLUMINA,Illumina HiSeq 2500,SRP268155,PRJNA639857,,639857,SRS6880551,SAMN15282859,Aplysia_77-29-PVC,nervous system,pleural ganglion,sensory neuron,PVC,cluster,glutematergic,UNIVERSITY OF MIAMI,SRA1089361,
SRR12061232,8/11/20 18:10,6/20/20 17:48,16647841,3096498426,16647841,186,2036,,https://sra-downloadb.be-md.ncbi.nlm.nih.gov/sos3/sra-pub-run-19/SRR12061232/SRR12061232.1,SRX8589084,P24,RNA-Seq,PolyA,TRANSCRIPTOMIC,PAIRED,0,0,ILLUMINA,Illumina HiSeq 2500,SRP268155,PRJNA639857,,639857,SRS6880552,SAMN15282860,Aplysia_77-30-PVC,nervous system,pleural ganglion,sensory neuron,PVC,cluster,glutematergic,UNIVERSITY OF MIAMI,SRA1089361,
SRR12061215,8/11/20 18:10,6/20/20 17:47,19248790,3580274940,19248790,186,2315,,https://sra-downloadb.be-md.ncbi.nlm.nih.gov/sos3/sra-pub-run-20/SRR12061215/SRR12061215.1,SRX8589101,P40,RNA-Seq,PolyA,TRANSCRIPTOMIC,PAIRED,0,0,ILLUMINA,Illumina HiSeq 2500,SRP268155,PRJNA639857,,639857,SRS6880569,SAMN15282876,Aplysia_77-31-BSC,nervous system,buccal ganglion,sensory neuron,BSC,cluster,glutematergic,UNIVERSITY OF MIAMI,SRA1089361,
SRR12061176,8/11/20 18:10,6/20/20 17:52,25953640,4827377040,25953640,186,3101,,https://sra-downloadb.be-md.ncbi.nlm.nih.gov/sos3/sra-pub-run-21/SRR12061176/SRR12061176.1,SRX8589140,P98,RNA-Seq,PolyA,TRANSCRIPTOMIC,PAIRED,0,0,ILLUMINA,Illumina HiSeq 2500,SRP268155,PRJNA639857,,639857,SRS6880608,SAMN15282911,Aplysia_77-31-PVC,nervous system,pleural ganglion,sensory neuron,PVC,cluster,glutematergic,UNIVERSITY OF MIAMI,SRA1089361,
SRR12061238,8/11/20 18:10,6/20/20 18:19,19930868,3707141448,19930868,186,2407,,https://sra-downloadb.be-md.ncbi.nlm.nih.gov/sos3/sra-pub-run-20/SRR12061238/SRR12061238.1,SRX8589141,P99,RNA-Seq,PolyA,TRANSCRIPTOMIC,PAIRED,0,0,ILLUMINA,Illumina HiSeq 2500,SRP268155,PRJNA639857,,639857,SRS6880609,SAMN15282912,Aplysia_77-32-BSC,nervous system,buccal ganglion,sensory neuron,BSC,cluster,glutematergic,UNIVERSITY OF MIAMI,SRA1089361,
SRR12061180,8/11/20 18:10,6/20/20 17:49,19936262,3708144732,19936262,186,2390,,https://sra-downloadb.be-md.ncbi.nlm.nih.gov/sos3/sra-pub-run-20/SRR12061180/SRR12061180.1,SRX8589136,P94,RNA-Seq,PolyA,TRANSCRIPTOMIC,PAIRED,0,0,ILLUMINA,Illumina HiSeq 2500,SRP268155,PRJNA639857,,639857,SRS6880604,SAMN15282907,Aplysia_77-33-PVC,nervous system,pleural ganglion,sensory neuron,PVC,cluster,glutematergic,UNIVERSITY OF MIAMI,SRA1089361,
SRR12061191,8/11/20 18:10,6/20/20 17:48,16878540,3139408440,16878540,186,2023,,https://sra-downloadb.be-md.ncbi.nlm.nih.gov/sos3/sra-pub-run-19/SRR12061191/SRR12061191.1,SRX8589125,P84,RNA-Seq,PolyA,TRANSCRIPTOMIC,PAIRED,0,0,ILLUMINA,Illumina HiSeq 2500,SRP268155,PRJNA639857,,639857,SRS6880593,SAMN15282897,Aplysia_77-35-BSC,nervous system,buccal ganglion,sensory neuron,BSC,cluster,glutematergic,UNIVERSITY OF MIAMI,SRA1089361,
SRR12061192,8/11/20 18:10,6/20/20 17:48,15408335,2865950310,15408335,186,1911,,https://sra-downloadb.be-md.ncbi.nlm.nih.gov/sos3/sra-pub-run-20/SRR12061192/SRR12061192.1,SRX8589124,P07,RNA-Seq,PolyA,TRANSCRIPTOMIC,PAIRED,0,0,ILLUMINA,Illumina HiSeq 2500,SRP268155,PRJNA639857,,639857,SRS6880592,SAMN15282843,Aplysia_77-37-BSC,nervous system,buccal ganglion,sensory neuron,BSC,cluster,glutematergic,UNIVERSITY OF MIAMI,SRA1089361,
SRR12061181,8/11/20 18:10,6/20/20 17:52,19050070,3543313020,19050070,186,2335,,https://sra-downloadb.be-md.ncbi.nlm.nih.gov/sos3/sra-pub-run-19/SRR12061181/SRR12061181.1,SRX8589135,P08,RNA-Seq,PolyA,TRANSCRIPTOMIC,PAIRED,0,0,ILLUMINA,Illumina HiSeq 2500,SRP268155,PRJNA639857,,639857,SRS6880603,SAMN15282844,Aplysia_77-39-BSC,nervous system,buccal ganglion,sensory neuron,BSC,cluster,glutematergic,UNIVERSITY OF MIAMI,SRA1089361,
SRR12061203,8/11/20 18:10,6/20/20 17:49,17110522,3182557092,17110522,186,2042,,https://sra-downloadb.be-md.ncbi.nlm.nih.gov/sos3/sra-pub-run-19/SRR12061203/SRR12061203.1,SRX8589113,P06,RNA-Seq,PolyA,TRANSCRIPTOMIC,PAIRED,0,0,ILLUMINA,Illumina HiSeq 2500,SRP268155,PRJNA639857,,639857,SRS6880581,SAMN15282842,Aplysia_77-39-PVC,nervous system,pleural ganglion,sensory neuron,PVC,cluster,glutematergic,UNIVERSITY OF MIAMI,SRA1089361,
SRR12061229,8/11/20 18:10,6/20/20 17:50,18402135,3422797110,18402135,186,2281,,https://sra-downloadb.be-md.ncbi.nlm.nih.gov/sos3/sra-pub-run-21/SRR12061229/SRR12061229.1,SRX8589087,P27,RNA-Seq,PolyA,TRANSCRIPTOMIC,PAIRED,0,0,ILLUMINA,Illumina HiSeq 2500,SRP268155,PRJNA639857,,639857,SRS6880555,SAMN15282863,Aplysia_77-40-PVC,nervous system,pleural ganglion,sensory neuron,PVC,cluster,glutematergic,UNIVERSITY OF MIAMI,SRA1089361,
SRR12061227,8/11/20 18:10,6/20/20 17:49,20669773,3844577778,20669773,186,2476,,https://sra-downloadb.be-md.ncbi.nlm.nih.gov/sos3/sra-pub-run-19/SRR12061227/SRR12061227.1,SRX8589089,P29,RNA-Seq,PolyA,TRANSCRIPTOMIC,PAIRED,0,0,ILLUMINA,Illumina HiSeq 2500,SRP268155,PRJNA639857,,639857,SRS6880557,SAMN15282865,Aplysia_77-41-BSC,nervous system,buccal ganglion,sensory neuron,BSC,cluster,glutematergic,UNIVERSITY OF MIAMI,SRA1089361,
SRR12061226,8/11/20 18:05,6/20/20 17:49,16758444,3117070584,16758444,186,2035,,https://sra-downloadb.be-md.ncbi.nlm.nih.gov/sos3/sra-pub-run-20/SRR12061226/SRR12061226.1,SRX8589090,P30,RNA-Seq,PolyA,TRANSCRIPTOMIC,PAIRED,0,0,ILLUMINA,Illumina HiSeq 2500,SRP268155,PRJNA639857,,639857,SRS6880558,SAMN15282866,Aplysia_77-42-BSC,nervous system,buccal ganglion,sensory neuron,BSC,cluster,glutematergic,UNIVERSITY OF MIAMI,SRA1089361,
SRR12061228,8/11/20 18:10,6/20/20 17:46,9489832,1765108752,9489832,186,1166,,https://sra-downloadb.be-md.ncbi.nlm.nih.gov/sos3/sra-pub-run-19/SRR12061228/SRR12061228.1,SRX8589088,P28,RNA-Seq,PolyA,TRANSCRIPTOMIC,PAIRED,0,0,ILLUMINA,Illumina HiSeq 2500,SRP268155,PRJNA639857,,639857,SRS6880556,SAMN15282864,Aplysia_77-42-PVC,nervous system,pleural ganglion,sensory neuron,PVC,cluster,glutematergic,UNIVERSITY OF MIAMI,SRA1089361,
SRR12061183,8/11/20 18:10,6/20/20 17:55,31052327,5775732822,31052327,186,3725,,https://sra-downloadb.be-md.ncbi.nlm.nih.gov/sos3/sra-pub-run-21/SRR12061183/SRR12061183.1,SRX8589133,P92,RNA-Seq,PolyA,TRANSCRIPTOMIC,PAIRED,0,0,ILLUMINA,Illumina HiSeq 2500,SRP268155,PRJNA639857,,639857,SRS6880601,SAMN15282905,Aplysia_77-43-PVC,nervous system,pleural ganglion,sensory neuron,PVC,cluster,glutematergic,UNIVERSITY OF MIAMI,SRA1089361,
SRR12061213,8/11/20 18:10,6/20/20 17:51,15643780,2909743080,15643780,186,1902,,https://sra-downloadb.be-md.ncbi.nlm.nih.gov/sos3/sra-pub-run-20/SRR12061213/SRR12061213.1,SRX8589103,P41,RNA-Seq,PolyA,TRANSCRIPTOMIC,PAIRED,0,0,ILLUMINA,Illumina HiSeq 2500,SRP268155,PRJNA639857,,639857,SRS6880571,SAMN15282877,Aplysia_77-44-BSC,nervous system,buccal ganglion,sensory neuron,BSC,cluster,glutematergic,UNIVERSITY OF MIAMI,SRA1089361,
SRR12061198,8/11/20 18:10,6/20/20 17:49,17243358,3207264588,17243358,186,2044,,https://sra-downloadb.be-md.ncbi.nlm.nih.gov/sos3/sra-pub-run-19/SRR12061198/SRR12061198.1,SRX8589118,P78,RNA-Seq,PolyA,TRANSCRIPTOMIC,PAIRED,0,0,ILLUMINA,Illumina HiSeq 2500,SRP268155,PRJNA639857,,639857,SRS6880586,SAMN15282891,Aplysia_77-44-PVC,nervous system,pleural ganglion,sensory neuron,PVC,cluster,glutematergic,UNIVERSITY OF MIAMI,SRA1089361,
SRR12061182,8/11/20 18:10,6/20/20 17:47,14338865,2667028890,14338865,186,1717,,https://sra-downloadb.be-md.ncbi.nlm.nih.gov/sos3/sra-pub-run-21/SRR12061182/SRR12061182.1,SRX8589134,P93,RNA-Seq,PolyA,TRANSCRIPTOMIC,PAIRED,0,0,ILLUMINA,Illumina HiSeq 2500,SRP268155,PRJNA639857,,639857,SRS6880602,SAMN15282906,Aplysia_77-45-BSC,nervous system,buccal ganglion,sensory neuron,BSC,cluster,glutematergic,UNIVERSITY OF MIAMI,SRA1089361,
SRR12061249,8/11/20 18:10,6/20/20 17:54,27349418,5086991748,27349418,186,3317,,https://sra-downloadb.be-md.ncbi.nlm.nih.gov/sos3/sra-pub-run-19/SRR12061249/SRR12061249.1,SRX8589068,P11,RNA-Seq,PolyA,TRANSCRIPTOMIC,PAIRED,0,0,ILLUMINA,Illumina HiSeq 2500,SRP268155,PRJNA639857,,639857,SRS6880536,SAMN15282847,Aplysia_77-49-BSC,nervous system,buccal ganglion,sensory neuron,BSC,cluster,glutematergic,UNIVERSITY OF MIAMI,SRA1089361,
SRR12061242,8/11/20 18:10,6/20/20 17:50,13220940,2459094840,13220940,186,1591,,https://sra-downloadb.be-md.ncbi.nlm.nih.gov/sos3/sra-pub-run-19/SRR12061242/SRR12061242.1,SRX8589075,P18,RNA-Seq,PolyA,TRANSCRIPTOMIC,PAIRED,0,0,ILLUMINA,Illumina HiSeq 2500,SRP268155,PRJNA639857,,639857,SRS6880543,SAMN15282854,Aplysia_77-5-PVC,nervous system,pleural ganglion,sensory neuron,PVC,cluster,glutematergic,UNIVERSITY OF MIAMI,SRA1089361,
SRR12061237,8/11/20 18:10,6/20/20 17:51,24055875,4474392750,24055875,186,2967,,https://sra-downloadb.be-md.ncbi.nlm.nih.gov/sos3/sra-pub-run-20/SRR12061237/SRR12061237.1,SRX8589080,P09,RNA-Seq,PolyA,TRANSCRIPTOMIC,PAIRED,0,0,ILLUMINA,Illumina HiSeq 2500,SRP268155,PRJNA639857,,639857,SRS6880548,SAMN15282845,Aplysia_77-50-PVC,nervous system,pleural ganglion,sensory neuron,PVC,cluster,glutematergic,UNIVERSITY OF MIAMI,SRA1089361,
SRR12061235,8/11/20 18:10,6/20/20 17:49,20364587,3787813182,20364587,186,2507,,https://sra-downloadb.be-md.ncbi.nlm.nih.gov/sos3/sra-pub-run-21/SRR12061235/SRR12061235.1,SRX8589081,P10,RNA-Seq,PolyA,TRANSCRIPTOMIC,PAIRED,0,0,ILLUMINA,Illumina HiSeq 2500,SRP268155,PRJNA639857,,639857,SRS6880549,SAMN15282846,Aplysia_77-52-PVC,nervous system,pleural ganglion,sensory neuron,PVC,cluster,glutematergic,UNIVERSITY OF MIAMI,SRA1089361,
SRR12061224,8/11/20 18:10,6/20/20 17:49,17735511,3298805046,17735511,186,2207,,https://sra-downloadb.be-md.ncbi.nlm.nih.gov/sos3/sra-pub-run-21/SRR12061224/SRR12061224.1,SRX8589092,P31,RNA-Seq,PolyA,TRANSCRIPTOMIC,PAIRED,0,0,ILLUMINA,Illumina HiSeq 2500,SRP268155,PRJNA639857,,639857,SRS6880560,SAMN15282867,Aplysia_77-53-BSC,nervous system,buccal ganglion,sensory neuron,BSC,cluster,glutematergic,UNIVERSITY OF MIAMI,SRA1089361,
SRR12061223,8/11/20 18:10,6/20/20 17:50,18549709,3450245874,18549709,186,2293,,https://sra-downloadb.be-md.ncbi.nlm.nih.gov/sos3/sra-pub-run-21/SRR12061223/SRR12061223.1,SRX8589093,P32,RNA-Seq,PolyA,TRANSCRIPTOMIC,PAIRED,0,0,ILLUMINA,Illumina HiSeq 2500,SRP268155,PRJNA639857,,639857,SRS6880561,SAMN15282868,Aplysia_77-54-BSC,nervous system,buccal ganglion,sensory neuron,BSC,cluster,glutematergic,UNIVERSITY OF MIAMI,SRA1089361,
SRR12061212,8/11/20 18:10,6/20/20 17:51,24548065,4565940090,24548065,186,2964,,https://sra-downloadb.be-md.ncbi.nlm.nih.gov/sos3/sra-pub-run-21/SRR12061212/SRR12061212.1,SRX8589104,P42,RNA-Seq,PolyA,TRANSCRIPTOMIC,PAIRED,0,0,ILLUMINA,Illumina HiSeq 2500,SRP268155,PRJNA639857,,639857,SRS6880572,SAMN15282878,Aplysia_77-55-BSC,nervous system,buccal ganglion,sensory neuron,BSC,cluster,glutematergic,UNIVERSITY OF MIAMI,SRA1089361,
SRR12061184,8/11/20 18:10,6/20/20 17:48,22103057,4111168602,22103057,186,2644,,https://sra-downloadb.be-md.ncbi.nlm.nih.gov/sos3/sra-pub-run-19/SRR12061184/SRR12061184.1,SRX8589132,P91,RNA-Seq,PolyA,TRANSCRIPTOMIC,PAIRED,0,0,ILLUMINA,Illumina HiSeq 2500,SRP268155,PRJNA639857,,639857,SRS6880600,SAMN15282904,Aplysia_77-56-PVC,nervous system,pleural ganglion,sensory neuron,PVC,cluster,glutematergic,UNIVERSITY OF MIAMI,SRA1089361,
SRR12061193,8/11/20 18:10,6/20/20 17:51,19783400,3679712400,19783400,186,2384,,https://sra-downloadb.be-md.ncbi.nlm.nih.gov/sos3/sra-pub-run-20/SRR12061193/SRR12061193.1,SRX8589123,P83,RNA-Seq,PolyA,TRANSCRIPTOMIC,PAIRED,0,0,ILLUMINA,Illumina HiSeq 2500,SRP268155,PRJNA639857,,639857,SRS6880591,SAMN15282896,Aplysia_77-57-PVC,nervous system,pleural ganglion,sensory neuron,PVC,cluster,glutematergic,UNIVERSITY OF MIAMI,SRA1089361,
SRR12061197,8/11/20 18:10,6/20/20 17:50,24638681,4582794666,24638681,186,2932,,https://sra-downloadb.be-md.ncbi.nlm.nih.gov/sos3/sra-pub-run-19/SRR12061197/SRR12061197.1,SRX8589119,P79,RNA-Seq,PolyA,TRANSCRIPTOMIC,PAIRED,0,0,ILLUMINA,Illumina HiSeq 2500,SRP268155,PRJNA639857,,639857,SRS6880587,SAMN15282892,Aplysia_77-58-BSC,nervous system,buccal ganglion,sensory neuron,BSC,cluster,glutematergic,UNIVERSITY OF MIAMI,SRA1089361,
SRR12061177,8/11/20 18:10,6/20/20 17:51,16434536,3056823696,16434536,186,1967,,https://sra-downloadb.be-md.ncbi.nlm.nih.gov/sos3/sra-pub-run-20/SRR12061177/SRR12061177.1,SRX8589139,P97,RNA-Seq,PolyA,TRANSCRIPTOMIC,PAIRED,0,0,ILLUMINA,Illumina HiSeq 2500,SRP268155,PRJNA639857,,639857,SRS6880607,SAMN15282910,Aplysia_77-58-PVC,nervous system,pleural ganglion,sensory neuron,PVC,cluster,glutematergic,UNIVERSITY OF MIAMI,SRA1089361,
SRR12061204,8/11/20 18:10,6/20/20 17:49,20165192,3750725712,20165192,186,2510,,https://sra-downloadb.be-md.ncbi.nlm.nih.gov/sos3/sra-pub-run-20/SRR12061204/SRR12061204.1,SRX8589112,P73,RNA-Seq,PolyA,TRANSCRIPTOMIC,PAIRED,0,0,ILLUMINA,Illumina HiSeq 2500,SRP268155,PRJNA639857,,639857,SRS6880580,SAMN15282886,Aplysia_77-60-BSC,nervous system,buccal ganglion,sensory neuron,BSC,cluster,glutematergic,UNIVERSITY OF MIAMI,SRA1089361,
SRR12061199,8/11/20 18:10,6/20/20 17:48,16436275,3057147150,16436275,186,1960,,https://sra-downloadb.be-md.ncbi.nlm.nih.gov/sos3/sra-pub-run-20/SRR12061199/SRR12061199.1,SRX8589117,P77,RNA-Seq,PolyA,TRANSCRIPTOMIC,PAIRED,0,0,ILLUMINA,Illumina HiSeq 2500,SRP268155,PRJNA639857,,639857,SRS6880585,SAMN15282890,Aplysia_77-60-PVC,nervous system,pleural ganglion,sensory neuron,PVC,cluster,glutematergic,UNIVERSITY OF MIAMI,SRA1089361,
SRR12061248,8/11/20 18:10,6/20/20 17:51,22457403,4177076958,22457403,186,2858,,https://sra-downloadb.be-md.ncbi.nlm.nih.gov/sos3/sra-pub-run-19/SRR12061248/SRR12061248.1,SRX8589069,P12,RNA-Seq,PolyA,TRANSCRIPTOMIC,PAIRED,0,0,ILLUMINA,Illumina HiSeq 2500,SRP268155,PRJNA639857,,639857,SRS6880537,SAMN15282848,Aplysia_77-63-PVC,nervous system,pleural ganglion,sensory neuron,PVC,cluster,glutematergic,UNIVERSITY OF MIAMI,SRA1089361,
SRR12061245,8/11/20 18:10,6/20/20 17:50,19585289,3642863754,19585289,186,2399,,https://sra-downloadb.be-md.ncbi.nlm.nih.gov/sos3/sra-pub-run-20/SRR12061245/SRR12061245.1,SRX8589072,P15,RNA-Seq,PolyA,TRANSCRIPTOMIC,PAIRED,0,0,ILLUMINA,Illumina HiSeq 2500,SRP268155,PRJNA639857,,639857,SRS6880540,SAMN15282851,Aplysia_77-64-BSC,nervous system,buccal ganglion,sensory neuron,BSC,cluster,glutematergic,UNIVERSITY OF MIAMI,SRA1089361,
SRR12061244,8/11/20 18:10,6/20/20 17:56,26324260,4896312360,26324260,186,3177,,https://sra-downloadb.be-md.ncbi.nlm.nih.gov/sos3/sra-pub-run-21/SRR12061244/SRR12061244.1,SRX8589073,P16,RNA-Seq,PolyA,TRANSCRIPTOMIC,PAIRED,0,0,ILLUMINA,Illumina HiSeq 2500,SRP268155,PRJNA639857,,639857,SRS6880541,SAMN15282852,Aplysia_77-65-BSC,nervous system,buccal ganglion,sensory neuron,BSC,cluster,glutematergic,UNIVERSITY OF MIAMI,SRA1089361,
SRR12061247,8/11/20 18:10,6/20/20 17:49,20201192,3757421712,20201192,186,2453,,https://sra-downloadb.be-md.ncbi.nlm.nih.gov/sos3/sra-pub-run-19/SRR12061247/SRR12061247.1,SRX8589070,P13,RNA-Seq,PolyA,TRANSCRIPTOMIC,PAIRED,0,0,ILLUMINA,Illumina HiSeq 2500,SRP268155,PRJNA639857,,639857,SRS6880538,SAMN15282849,Aplysia_77-65-PVC,nervous system,pleural ganglion,sensory neuron,PVC,cluster,glutematergic,UNIVERSITY OF MIAMI,SRA1089361,
SRR12061246,8/11/20 18:10,6/20/20 17:50,12447397,2315215842,12447397,186,1530,,https://sra-downloadb.be-md.ncbi.nlm.nih.gov/sos3/sra-pub-run-20/SRR12061246/SRR12061246.1,SRX8589071,P14,RNA-Seq,PolyA,TRANSCRIPTOMIC,PAIRED,0,0,ILLUMINA,Illumina HiSeq 2500,SRP268155,PRJNA639857,,639857,SRS6880539,SAMN15282850,Aplysia_77-66-PVC,nervous system,pleural ganglion,sensory neuron,PVC,cluster,glutematergic,UNIVERSITY OF MIAMI,SRA1089361,
SRR12061222,8/11/20 18:10,6/20/20 17:51,15852877,2948635122,15852877,186,1955,,https://sra-downloadb.be-md.ncbi.nlm.nih.gov/sos3/sra-pub-run-21/SRR12061222/SRR12061222.1,SRX8589094,P33,RNA-Seq,PolyA,TRANSCRIPTOMIC,PAIRED,0,0,ILLUMINA,Illumina HiSeq 2500,SRP268155,PRJNA639857,,639857,SRS6880562,SAMN15282869,Aplysia_77-68-BSC,nervous system,buccal ganglion,sensory neuron,BSC,cluster,glutematergic,UNIVERSITY OF MIAMI,SRA1089361,
SRR12061210,8/11/20 18:10,6/20/20 17:52,17561231,3266388966,17561231,186,2147,,https://sra-downloadb.be-md.ncbi.nlm.nih.gov/sos3/sra-pub-run-19/SRR12061210/SRR12061210.1,SRX8589106,P44,RNA-Seq,PolyA,TRANSCRIPTOMIC,PAIRED,0,0,ILLUMINA,Illumina HiSeq 2500,SRP268155,PRJNA639857,,639857,SRS6880574,SAMN15282880,Aplysia_77-69-BSC,nervous system,buccal ganglion,sensory neuron,BSC,cluster,glutematergic,UNIVERSITY OF MIAMI,SRA1089361,
SRR12061211,8/11/20 18:10,6/20/20 17:54,20025719,3724783734,20025719,186,2416,,https://sra-downloadb.be-md.ncbi.nlm.nih.gov/sos3/sra-pub-run-20/SRR12061211/SRR12061211.1,SRX8589105,P43,RNA-Seq,PolyA,TRANSCRIPTOMIC,PAIRED,0,0,ILLUMINA,Illumina HiSeq 2500,SRP268155,PRJNA639857,,639857,SRS6880573,SAMN15282879,Aplysia_77-69-PVC,nervous system,pleural ganglion,sensory neuron,PVC,cluster,glutematergic,UNIVERSITY OF MIAMI,SRA1089361,
SRR12061179,8/11/20 18:10,6/20/20 17:51,18615744,3462528384,18615744,186,2209,,https://sra-downloadb.be-md.ncbi.nlm.nih.gov/sos3/sra-pub-run-21/SRR12061179/SRR12061179.1,SRX8589137,P95,RNA-Seq,PolyA,TRANSCRIPTOMIC,PAIRED,0,0,ILLUMINA,Illumina HiSeq 2500,SRP268155,PRJNA639857,,639857,SRS6880605,SAMN15282908,Aplysia_77-70-BSC,nervous system,buccal ganglion,sensory neuron,BSC,cluster,glutematergic,UNIVERSITY OF MIAMI,SRA1089361,
SRR12061189,8/11/20 18:10,6/20/20 17:47,19196987,3570639582,19196987,186,2331,,https://sra-downloadb.be-md.ncbi.nlm.nih.gov/sos3/sra-pub-run-20/SRR12061189/SRR12061189.1,SRX8589127,P86,RNA-Seq,PolyA,TRANSCRIPTOMIC,PAIRED,0,0,ILLUMINA,Illumina HiSeq 2500,SRP268155,PRJNA639857,,639857,SRS6880595,SAMN15282899,Aplysia_77-72-BSC,nervous system,buccal ganglion,sensory neuron,BSC,cluster,glutematergic,UNIVERSITY OF MIAMI,SRA1089361,
SRR12061196,8/11/20 18:10,6/20/20 17:52,19935753,3708050058,19935753,186,2374,,https://sra-downloadb.be-md.ncbi.nlm.nih.gov/sos3/sra-pub-run-20/SRR12061196/SRR12061196.1,SRX8589120,P80,RNA-Seq,PolyA,TRANSCRIPTOMIC,PAIRED,0,0,ILLUMINA,Illumina HiSeq 2500,SRP268155,PRJNA639857,,639857,SRS6880588,SAMN15282893,Aplysia_77-72-PVC,nervous system,pleural ganglion,sensory neuron,PVC,cluster,glutematergic,UNIVERSITY OF MIAMI,SRA1089361,
SRR12061187,8/11/20 18:10,6/20/20 17:49,20797775,3868386150,20797775,186,2489,,https://sra-downloadb.be-md.ncbi.nlm.nih.gov/sos3/sra-pub-run-19/SRR12061187/SRR12061187.1,SRX8589129,P88,RNA-Seq,PolyA,TRANSCRIPTOMIC,PAIRED,0,0,ILLUMINA,Illumina HiSeq 2500,SRP268155,PRJNA639857,,639857,SRS6880597,SAMN15282901,Aplysia_77-73-PVC,nervous system,pleural ganglion,sensory neuron,PVC,cluster,glutematergic,UNIVERSITY OF MIAMI,SRA1089361,
SRR12061220,8/11/20 18:10,6/20/20 17:50,16095206,2993708316,16095206,186,1989,,https://sra-downloadb.be-md.ncbi.nlm.nih.gov/sos3/sra-pub-run-20/SRR12061220/SRR12061220.1,SRX8589096,P35,RNA-Seq,PolyA,TRANSCRIPTOMIC,PAIRED,0,0,ILLUMINA,Illumina HiSeq 2500,SRP268155,PRJNA639857,,639857,SRS6880564,SAMN15282871,Aplysia_77-8-PVC,nervous system,pleural ganglion,sensory neuron,PVC,cluster,glutematergic,UNIVERSITY OF MIAMI,SRA1089361,
SRR12061243,8/11/20 18:10,6/20/20 17:50,17614505,3276297930,17614505,186,2253,,https://sra-downloadb.be-md.ncbi.nlm.nih.gov/sos3/sra-pub-run-19/SRR12061243/SRR12061243.1,SRX8589074,P17,RNA-Seq,PolyA,TRANSCRIPTOMIC,PAIRED,0,0,ILLUMINA,Illumina HiSeq 2500,SRP268155,PRJNA639857,,639857,SRS6880542,SAMN15282853,Aplysia_77-84-BSC,nervous system,buccal ganglion,sensory neuron,BSC,cluster,glutematergic,UNIVERSITY OF MIAMI,SRA1089361,
SRR12061221,8/11/20 18:10,6/20/20 17:50,19596862,3645016332,19596862,186,2380,,https://sra-downloadb.be-md.ncbi.nlm.nih.gov/sos3/sra-pub-run-21/SRR12061221/SRR12061221.1,SRX8589095,P34,RNA-Seq,PolyA,TRANSCRIPTOMIC,PAIRED,0,0,ILLUMINA,Illumina HiSeq 2500,SRP268155,PRJNA639857,,639857,SRS6880563,SAMN15282870,Aplysia_77-86-BSC,nervous system,buccal ganglion,sensory neuron,BSC,cluster,glutematergic,UNIVERSITY OF MIAMI,SRA1089361,
SRR12061209,8/11/20 18:10,6/20/20 17:45,8235038,1531717068,8235038,186,1012,,https://sra-downloadb.be-md.ncbi.nlm.nih.gov/sos3/sra-pub-run-20/SRR12061209/SRR12061209.1,SRX8589107,P45,RNA-Seq,PolyA,TRANSCRIPTOMIC,PAIRED,0,0,ILLUMINA,Illumina HiSeq 2500,SRP268155,PRJNA639857,,639857,SRS6880575,SAMN15282881,Aplysia_77-87-PVC,nervous system,pleural ganglion,sensory neuron,PVC,cluster,glutematergic,UNIVERSITY OF MIAMI,SRA1089361,
SRR12061207,8/11/20 18:10,6/20/20 17:47,13251709,2464817874,13251709,186,1618,,https://sra-downloadb.be-md.ncbi.nlm.nih.gov/sos3/sra-pub-run-20/SRR12061207/SRR12061207.1,SRX8589109,P47,RNA-Seq,PolyA,TRANSCRIPTOMIC,PAIRED,0,0,ILLUMINA,Illumina HiSeq 2500,SRP268155,PRJNA639857,,639857,SRS6880577,SAMN15282883,Aplysia_77-88-BSC,nervous system,buccal ganglion,sensory neuron,BSC,cluster,glutematergic,UNIVERSITY OF MIAMI,SRA1089361,
SRR12061194,8/11/20 18:10,6/20/20 17:50,19576432,3641216352,19576432,186,2323,,https://sra-downloadb.be-md.ncbi.nlm.nih.gov/sos3/sra-pub-run-21/SRR12061194/SRR12061194.1,SRX8589122,P82,RNA-Seq,PolyA,TRANSCRIPTOMIC,PAIRED,0,0,ILLUMINA,Illumina HiSeq 2500,SRP268155,PRJNA639857,,639857,SRS6880590,SAMN15282895,Aplysia_77-89-BSC,nervous system,buccal ganglion,sensory neuron,BSC,cluster,glutematergic,UNIVERSITY OF MIAMI,SRA1089361,
SRR12061208,8/11/20 18:10,6/20/20 17:47,12891961,2397904746,12891961,186,1532,,https://sra-downloadb.be-md.ncbi.nlm.nih.gov/sos3/sra-pub-run-19/SRR12061208/SRR12061208.1,SRX8589108,P46,RNA-Seq,PolyA,TRANSCRIPTOMIC,PAIRED,0,0,ILLUMINA,Illumina HiSeq 2500,SRP268155,PRJNA639857,,639857,SRS6880576,SAMN15282882,Aplysia_77-89-PVC,nervous system,pleural ganglion,sensory neuron,PVC,cluster,glutematergic,UNIVERSITY OF MIAMI,SRA1089361,
SRR12061219,8/11/20 18:10,6/20/20 17:53,20905100,3888348600,20905100,186,2609,,https://sra-downloadb.be-md.ncbi.nlm.nih.gov/sos3/sra-pub-run-21/SRR12061219/SRR12061219.1,SRX8589097,P36,RNA-Seq,PolyA,TRANSCRIPTOMIC,PAIRED,0,0,ILLUMINA,Illumina HiSeq 2500,SRP268155,PRJNA639857,,639857,SRS6880565,SAMN15282872,Aplysia_77-9-PVC,nervous system,pleural ganglion,sensory neuron,PVC,cluster,glutematergic,UNIVERSITY OF MIAMI,SRA1089361,
SRR12061186,8/11/20 18:10,6/20/20 17:47,19348978,3598909908,19348978,186,2326,,https://sra-downloadb.be-md.ncbi.nlm.nih.gov/sos3/sra-pub-run-21/SRR12061186/SRR12061186.1,SRX8589130,P89,RNA-Seq,PolyA,TRANSCRIPTOMIC,PAIRED,0,0,ILLUMINA,Illumina HiSeq 2500,SRP268155,PRJNA639857,,639857,SRS6880598,SAMN15282902,Aplysia_77-90-BSC,nervous system,buccal ganglion,sensory neuron,BSC,cluster,glutematergic,UNIVERSITY OF MIAMI,SRA1089361,
SRR12061185,8/11/20 18:10,6/20/20 17:50,18714776,3480948336,18714776,186,2246,,https://sra-downloadb.be-md.ncbi.nlm.nih.gov/sos3/sra-pub-run-19/SRR12061185/SRR12061185.1,SRX8589131,P90,RNA-Seq,PolyA,TRANSCRIPTOMIC,PAIRED,0,0,ILLUMINA,Illumina HiSeq 2500,SRP268155,PRJNA639857,,639857,SRS6880599,SAMN15282903,Aplysia_77-90-PVC,nervous system,pleural ganglion,sensory neuron,PVC,cluster,glutematergic,UNIVERSITY OF MIAMI,SRA1089361,
SRR12061202,8/11/20 18:10,6/20/20 17:49,14795122,2751892692,14795122,186,1834,,https://sra-downloadb.be-md.ncbi.nlm.nih.gov/sos3/sra-pub-run-19/SRR12061202/SRR12061202.1,SRX8589114,P74,RNA-Seq,PolyA,TRANSCRIPTOMIC,PAIRED,0,0,ILLUMINA,Illumina HiSeq 2500,SRP268155,PRJNA639857,,639857,SRS6880582,SAMN15282887,Aplysia_77-91-BSC,nervous system,buccal ganglion,sensory neuron,BSC,cluster,glutematergic,UNIVERSITY OF MIAMI,SRA1089361,
SRR12061195,8/11/20 18:10,6/20/20 17:52,18495732,3440206152,18495732,186,2219,,https://sra-downloadb.be-md.ncbi.nlm.nih.gov/sos3/sra-pub-run-19/SRR12061195/SRR12061195.1,SRX8589121,P81,RNA-Seq,PolyA,TRANSCRIPTOMIC,PAIRED,0,0,ILLUMINA,Illumina HiSeq 2500,SRP268155,PRJNA639857,,639857,SRS6880589,SAMN15282894,Aplysia_77-91-PVC,nervous system,pleural ganglion,sensory neuron,PVC,cluster,glutematergic,UNIVERSITY OF MIAMI,SRA1089361,
SRR12061206,8/11/20 18:10,6/20/20 17:52,25078488,4664598768,25078488,186,3060,,https://sra-downloadb.be-md.ncbi.nlm.nih.gov/sos3/sra-pub-run-20/SRR12061206/SRR12061206.1,SRX8589110,P71,RNA-Seq,PolyA,TRANSCRIPTOMIC,PAIRED,0,0,ILLUMINA,Illumina HiSeq 2500,SRP268155,PRJNA639857,,639857,SRS6880578,SAMN15282884,Aplysia_77-94-PVC,nervous system,pleural ganglion,sensory neuron,PVC,cluster,glutematergic,UNIVERSITY OF MIAMI,SRA1089361,
SRR12061205,8/11/20 18:10,6/20/20 18:06,34953306,6501314916,34953306,186,4171,,https://sra-downloadb.be-md.ncbi.nlm.nih.gov/sos3/sra-pub-run-21/SRR12061205/SRR12061205.1,SRX8589111,P72,RNA-Seq,PolyA,TRANSCRIPTOMIC,PAIRED,0,0,ILLUMINA,Illumina HiSeq 2500,SRP268155,PRJNA639857,,639857,SRS6880579,SAMN15282885,Aplysia_77-95-PVC,nervous system,pleural ganglion,sensory neuron,PVC,cluster,glutematergic,UNIVERSITY OF MIAMI,SRA1089361,
SRR8453926,6/12/20 0:01,1/18/19 6:58,8929668,1803792936,8929668,202,790,,https://sra-downloadb.be-md.ncbi.nlm.nih.gov/sos3/sra-pub-run-19/SRR8453926/SRR8453926.1,SRX5260634,LPL1-1cyto,RNA-Seq,RANDOM,TRANSCRIPTOMIC,PAIRED,0,0,ILLUMINA,Illumina HiSeq 3000,SRP180130,PRJNA515707,,515707,SRS4261627,SAMN10769232,LPL1-1,nervous system,pleural ganglion,motor neuron,LPL1,cytoplasm,cholinergic,UNIVERSITY OF FLORIDA,SRA835907,
SRR8453927,6/12/20 0:01,1/18/19 6:57,6890911,1391964022,6890911,202,614,,https://sra-downloadb.be-md.ncbi.nlm.nih.gov/sos3/sra-pub-run-20/SRR8453927/SRR8453927.1,SRX5260633,LPL1-1nuc,RNA-Seq,RANDOM,TRANSCRIPTOMIC,PAIRED,0,0,ILLUMINA,Illumina HiSeq 3000,SRP180130,PRJNA515707,,515707,SRS4261627,SAMN10769232,LPL1-1,nervous system,pleural ganglion,motor neuron,LPL1,nucleus,cholinergic,UNIVERSITY OF FLORIDA,SRA835907,
SRR8453928,6/12/20 0:01,1/18/19 6:57,7882037,1592171474,7882037,202,698,,https://sra-downloadb.be-md.ncbi.nlm.nih.gov/sos3/sra-pub-run-19/SRR8453928/SRR8453928.1,SRX5260632,LPL1-2cyto,RNA-Seq,RANDOM,TRANSCRIPTOMIC,PAIRED,0,0,ILLUMINA,Illumina HiSeq 3000,SRP180130,PRJNA515707,,515707,SRS4261626,SAMN10769234,LPL1-2,nervous system,pleural ganglion,motor neuron,LPL1,cytoplasm,cholinergic,UNIVERSITY OF FLORIDA,SRA835907,
SRR8453929,6/12/20 0:01,1/18/19 6:59,10121806,2044604812,10121806,202,881,,https://sra-downloadb.be-md.ncbi.nlm.nih.gov/sos3/sra-pub-run-20/SRR8453929/SRR8453929.1,SRX5260631,LPL1-2nuc,RNA-Seq,RANDOM,TRANSCRIPTOMIC,PAIRED,0,0,ILLUMINA,Illumina HiSeq 3000,SRP180130,PRJNA515707,,515707,SRS4261626,SAMN10769234,LPL1-2,nervous system,pleural ganglion,motor neuron,LPL1,nucleus,cholinergic,UNIVERSITY OF FLORIDA,SRA835907,
SRR8453919,6/12/20 0:01,1/18/19 6:56,5695442,1150479284,5695442,202,519,,https://sra-downloadb.be-md.ncbi.nlm.nih.gov/sos3/sra-pub-run-21/SRR8453919/SRR8453919.1,SRX5260641,LPL1-4nuc,RNA-Seq,RANDOM,TRANSCRIPTOMIC,PAIRED,0,0,ILLUMINA,Illumina HiSeq 3000,SRP180130,PRJNA515707,,515707,SRS4261621,SAMN10769237,LPL1-4,nervous system,pleural ganglion,motor neuron,LPL1,nucleus,cholinergic,UNIVERSITY OF FLORIDA,SRA835907,
SRR8453937,6/12/20 0:01,1/18/19 6:58,7813366,1578299932,7813366,202,704,,https://sra-downloadb.be-md.ncbi.nlm.nih.gov/sos3/sra-pub-run-19/SRR8453937/SRR8453937.1,SRX5260623,LPL1-4cyto,RNA-Seq,RANDOM,TRANSCRIPTOMIC,PAIRED,0,0,ILLUMINA,Illumina HiSeq 3000,SRP180130,PRJNA515707,,515707,SRS4261621,SAMN10769237,LPL1-4,nervous system,pleural ganglion,motor neuron,LPL1,cytoplasm,cholinergic,UNIVERSITY OF FLORIDA,SRA835907,
SRR8453935,6/12/20 0:01,1/18/19 6:58,7152943,1444894486,7152943,202,648,,https://sra-downloadb.be-md.ncbi.nlm.nih.gov/sos3/sra-pub-run-19/SRR8453935/SRR8453935.1,SRX5260625,LPL1-5whole,RNA-Seq,RANDOM,TRANSCRIPTOMIC,PAIRED,0,0,ILLUMINA,Illumina HiSeq 3000,SRP180130,PRJNA515707,,515707,SRS4261622,SAMN10769241,LPL1-5whole,nervous system,pleural ganglion,motor neuron,LPL1,whole cell,cholinergic,UNIVERSITY OF FLORIDA,SRA835907,
SRR8453932,6/12/20 0:01,1/18/19 6:58,8533994,1723866788,8533994,202,750,,https://sra-downloadb.be-md.ncbi.nlm.nih.gov/sos3/sra-pub-run-20/SRR8453932/SRR8453932.1,SRX5260628,LPL1-6cyto,RNA-Seq,RANDOM,TRANSCRIPTOMIC,PAIRED,0,0,ILLUMINA,Illumina HiSeq 3000,SRP180130,PRJNA515707,,515707,SRS4261624,SAMN10769239,LPL1-6,nervous system,pleural ganglion,motor neuron,LPL1,cytoplasm,cholinergic,UNIVERSITY OF FLORIDA,SRA835907,
SRR8453933,6/12/20 0:01,1/18/19 6:58,9481853,1915334306,9481853,202,856,,https://sra-downloadb.be-md.ncbi.nlm.nih.gov/sos3/sra-pub-run-21/SRR8453933/SRR8453933.1,SRX5260627,LPL1-6nuc,RNA-Seq,RANDOM,TRANSCRIPTOMIC,PAIRED,0,0,ILLUMINA,Illumina HiSeq 3000,SRP180130,PRJNA515707,,515707,SRS4261624,SAMN10769239,LPL1-6,nervous system,pleural ganglion,motor neuron,LPL1,nucleus,cholinergic,UNIVERSITY OF FLORIDA,SRA835907,
SRR8453930,6/12/20 0:01,1/18/19 6:58,8719527,1761344454,8719527,202,771,,https://sra-downloadb.be-md.ncbi.nlm.nih.gov/sos3/sra-pub-run-21/SRR8453930/SRR8453930.1,SRX5260630,R2-1cyto,RNA-Seq,RANDOM,TRANSCRIPTOMIC,PAIRED,0,0,ILLUMINA,Illumina HiSeq 3000,SRP180130,PRJNA515707,,515707,SRS4261625,SAMN10769231,R2-1,nervous system,abdominal ganglion,motor neuron,R2,cytoplasm,cholinergic,UNIVERSITY OF FLORIDA,SRA835907,
SRR8453931,6/12/20 0:01,1/18/19 6:58,8471260,1711194520,8471260,202,748,,https://sra-downloadb.be-md.ncbi.nlm.nih.gov/sos3/sra-pub-run-20/SRR8453931/SRR8453931.1,SRX5260629,R2-1nuc,RNA-Seq,RANDOM,TRANSCRIPTOMIC,PAIRED,0,0,ILLUMINA,Illumina HiSeq 3000,SRP180130,PRJNA515707,,515707,SRS4261625,SAMN10769231,R2-1,nervous system,abdominal ganglion,motor neuron,R2,nucleus,cholinergic,UNIVERSITY OF FLORIDA,SRA835907,
SRR8453921,6/12/20 0:01,1/18/19 6:56,5344294,1079547388,5344294,202,476,,https://sra-downloadb.be-md.ncbi.nlm.nih.gov/sos3/sra-pub-run-19/SRR8453921/SRR8453921.1,SRX5260639,R2-2cyto,RNA-Seq,RANDOM,TRANSCRIPTOMIC,PAIRED,0,0,ILLUMINA,Illumina HiSeq 3000,SRP180130,PRJNA515707,,515707,SRS4261628,SAMN10769233,R2-2,nervous system,abdominal ganglion,motor neuron,R2,cytoplasm,cholinergic,UNIVERSITY OF FLORIDA,SRA835907,
SRR8453925,6/12/20 0:01,1/18/19 6:57,6003454,1212697708,6003454,202,539,,https://sra-downloadb.be-md.ncbi.nlm.nih.gov/sos3/sra-pub-run-21/SRR8453925/SRR8453925.1,SRX5260635,R2-2nuc,RNA-Seq,RANDOM,TRANSCRIPTOMIC,PAIRED,0,0,ILLUMINA,Illumina HiSeq 3000,SRP180130,PRJNA515707,,515707,SRS4261628,SAMN10769233,R2-2,nervous system,abdominal ganglion,motor neuron,R2,nucleus,cholinergic,UNIVERSITY OF FLORIDA,SRA835907,
SRR8453922,6/12/20 0:01,1/18/19 6:56,5060523,1022225646,5060523,202,452,,https://sra-downloadb.be-md.ncbi.nlm.nih.gov/sos3/sra-pub-run-20/SRR8453922/SRR8453922.1,SRX5260638,R2-3nuc,RNA-Seq,RANDOM,TRANSCRIPTOMIC,PAIRED,0,0,ILLUMINA,Illumina HiSeq 3000,SRP180130,PRJNA515707,,515707,SRS4261630,SAMN10769235,R2-3,nervous system,abdominal ganglion,motor neuron,R2,nucleus,cholinergic,UNIVERSITY OF FLORIDA,SRA835907,
SRR8453920,6/12/20 0:01,1/18/19 6:59,11129541,2248167282,11129541,202,986,,https://sra-downloadb.be-md.ncbi.nlm.nih.gov/sos3/sra-pub-run-19/SRR8453920/SRR8453920.1,SRX5260640,R2-3cyto,RNA-Seq,RANDOM,TRANSCRIPTOMIC,PAIRED,0,0,ILLUMINA,Illumina HiSeq 3000,SRP180130,PRJNA515707,,515707,SRS4261630,SAMN10769235,R2-3,nervous system,abdominal ganglion,motor neuron,R2,cytoplasm,cholinergic,UNIVERSITY OF FLORIDA,SRA835907,
SRR8453923,6/12/20 0:01,1/18/19 6:57,6525047,1318059494,6525047,202,555,,https://sra-downloadb.be-md.ncbi.nlm.nih.gov/sos3/sra-pub-run-19/SRR8453923/SRR8453923.1,SRX5260637,R2-4-nuc,RNA-Seq,RANDOM,TRANSCRIPTOMIC,PAIRED,0,0,ILLUMINA,Illumina HiSeq 3000,SRP180130,PRJNA515707,,515707,SRS4261629,SAMN10769236,R2-4,nervous system,abdominal ganglion,motor neuron,R2,nucleus,cholinergic,UNIVERSITY OF FLORIDA,SRA835907,
SRR8453924,6/12/20 0:01,1/18/19 6:58,9273938,1873335476,9273938,202,797,,https://sra-downloadb.be-md.ncbi.nlm.nih.gov/sos3/sra-pub-run-21/SRR8453924/SRR8453924.1,SRX5260636,R2-4cyto,RNA-Seq,RANDOM,TRANSCRIPTOMIC,PAIRED,0,0,ILLUMINA,Illumina HiSeq 3000,SRP180130,PRJNA515707,,515707,SRS4261629,SAMN10769236,R2-4,nervous system,abdominal ganglion,motor neuron,R2,cytoplasm,cholinergic,UNIVERSITY OF FLORIDA,SRA835907,
SRR8453936,6/12/20 0:01,1/18/19 6:58,7613107,1537847614,7613107,202,663,,https://sra-downloadb.be-md.ncbi.nlm.nih.gov/sos3/sra-pub-run-20/SRR8453936/SRR8453936.1,SRX5260624,R2-5nuc,RNA-Seq,RANDOM,TRANSCRIPTOMIC,PAIRED,0,0,ILLUMINA,Illumina HiSeq 3000,SRP180130,PRJNA515707,,515707,SRS4261620,SAMN10769238,R2-5,nervous system,abdominal ganglion,motor neuron,R2,nucleus,cholinergic,UNIVERSITY OF FLORIDA,SRA835907,
SRR8453938,6/12/20 0:01,1/18/19 7:02,9587668,1936708936,9587668,202,833,,https://sra-downloadb.be-md.ncbi.nlm.nih.gov/sos3/sra-pub-run-19/SRR8453938/SRR8453938.1,SRX5260622,R2-5cyto,RNA-Seq,RANDOM,TRANSCRIPTOMIC,PAIRED,0,0,ILLUMINA,Illumina HiSeq 3000,SRP180130,PRJNA515707,,515707,SRS4261620,SAMN10769238,R2-5,nervous system,abdominal ganglion,motor neuron,R2,cytoplasm,cholinergic,UNIVERSITY OF FLORIDA,SRA835907,
SRR8453934,6/12/20 0:01,1/18/19 6:57,7981356,1612233912,7981356,202,700,,https://sra-downloadb.be-md.ncbi.nlm.nih.gov/sos3/sra-pub-run-20/SRR8453934/SRR8453934.1,SRX5260626,R2-6whole,RNA-Seq,RANDOM,TRANSCRIPTOMIC,PAIRED,0,0,ILLUMINA,Illumina HiSeq 3000,SRP180130,PRJNA515707,,515707,SRS4261623,SAMN10769240,R2-6whole,nervous system,abdominal ganglion,motor neuron,R2,whole cell,cholinergic,UNIVERSITY OF FLORIDA,SRA835907,
SRR6871213,7/10/18 0:05,3/20/18 16:43,5919127,1183825400,5919127,200,558,,https://sra-downloadb.st-va.ncbi.nlm.nih.gov/sos1/sra-pub-run-14/SRR6871213/SRR6871213.1,SRX3825211,Aged_6_PVC,RNA-Seq,RiboDeplete,TRANSCRIPTOMIC,PAIRED,0,0,ILLUMINA,Illumina HiSeq 2500,SRP136115,PRJNA439306,,439306,SRS3074294,SAMN08744265,Aged_PVC,nervous system,pleural ganglion,sensory neuron,PVC,cluster,glutematergic,UNIVERSITY OF MIAMI,SRA669153,
SRR6871214,7/10/18 0:05,3/20/18 16:44,7946413,1589282600,7946413,200,754,,https://sra-downloadb.st-va.ncbi.nlm.nih.gov/sos1/sra-pub-run-14/SRR6871214/SRR6871214.1,SRX3825210,Aged_5_PVC,RNA-Seq,RiboDeplete,TRANSCRIPTOMIC,PAIRED,0,0,ILLUMINA,Illumina HiSeq 2500,SRP136115,PRJNA439306,,439306,SRS3074294,SAMN08744265,Aged_PVC,nervous system,pleural ganglion,sensory neuron,PVC,cluster,glutematergic,UNIVERSITY OF MIAMI,SRA669153,
SRR6871215,7/10/18 0:05,3/20/18 16:45,8397759,1679551800,8397759,200,801,,https://sra-downloadb.st-va.ncbi.nlm.nih.gov/sos1/sra-pub-run-14/SRR6871215/SRR6871215.1,SRX3825209,Aged_4_PVC,RNA-Seq,RiboDeplete,TRANSCRIPTOMIC,PAIRED,0,0,ILLUMINA,Illumina HiSeq 2500,SRP136115,PRJNA439306,,439306,SRS3074294,SAMN08744265,Aged_PVC,nervous system,pleural ganglion,sensory neuron,PVC,cluster,glutematergic,UNIVERSITY OF MIAMI,SRA669153,
SRR6871216,7/10/18 0:05,3/20/18 16:45,9768386,1953677200,9768386,200,951,,https://sra-downloadb.st-va.ncbi.nlm.nih.gov/sos1/sra-pub-run-14/SRR6871216/SRR6871216.1,SRX3825208,Aged_3_PVC,RNA-Seq,RiboDeplete,TRANSCRIPTOMIC,PAIRED,0,0,ILLUMINA,Illumina HiSeq 2500,SRP136115,PRJNA439306,,439306,SRS3074294,SAMN08744265,Aged_PVC,nervous system,pleural ganglion,sensory neuron,PVC,cluster,glutematergic,UNIVERSITY OF MIAMI,SRA669153,
SRR6871217,7/10/18 0:05,3/20/18 16:45,10014748,2002949600,10014748,200,939,,https://sra-downloadb.st-va.ncbi.nlm.nih.gov/sos1/sra-pub-run-14/SRR6871217/SRR6871217.1,SRX3825207,Aged_2_PVC,RNA-Seq,RiboDeplete,TRANSCRIPTOMIC,PAIRED,0,0,ILLUMINA,Illumina HiSeq 2500,SRP136115,PRJNA439306,,439306,SRS3074294,SAMN08744265,Aged_PVC,nervous system,pleural ganglion,sensory neuron,PVC,cluster,glutematergic,UNIVERSITY OF MIAMI,SRA669153,
SRR6871218,7/10/18 0:05,3/20/18 16:46,10377526,2075505200,10377526,200,985,,https://sra-downloadb.st-va.ncbi.nlm.nih.gov/sos1/sra-pub-run-14/SRR6871218/SRR6871218.1,SRX3825206,Aged_1_PVC,RNA-Seq,RiboDeplete,TRANSCRIPTOMIC,PAIRED,0,0,ILLUMINA,Illumina HiSeq 2500,SRP136115,PRJNA439306,,439306,SRS3074294,SAMN08744265,Aged_PVC,nervous system,pleural ganglion,sensory neuron,PVC,cluster,glutematergic,UNIVERSITY OF MIAMI,SRA669153,
SRR830643,11/15/13 12:07,4/18/13 13:18,24831504,4966300800,24831504,200,3268,,https://sra-downloadb.st-va.ncbi.nlm.nih.gov/sos2/sra-pub-run-4/SRR830643/SRR830643.1,SRX268440,,RNA-Seq,RANDOM,TRANSCRIPTOMIC,PAIRED,0,0,ILLUMINA,Illumina HiSeq 2000,SRP001185,,,0,SRS414424,SAMN02046437,Aplysia_3d day-3,whole animal,,embryo,day_3,,,UF-LM,SRA009814,
SRR830644,11/15/13 12:07,4/18/13 14:09,26717230,5343446000,26717230,200,3501,,https://sra-downloadb.st-va.ncbi.nlm.nih.gov/sos2/sra-pub-run-4/SRR830644/SRR830644.1,SRX268442,,RNA-Seq,RANDOM,TRANSCRIPTOMIC,PAIRED,0,0,ILLUMINA,Illumina HiSeq 2000,SRP001185,,,0,SRS414424,SAMN02046437,Aplysia_3d day-3,whole animal,,embryo,day_3,,,UF-LM,SRA009814,
SRR830631,11/15/13 12:07,4/18/13 13:24,21812785,4362557000,21812785,200,2869,,https://sra-downloadb.st-va.ncbi.nlm.nih.gov/sos2/sra-pub-run-4/SRR830631/SRR830631.1,SRX268437,,RNA-Seq,RANDOM,TRANSCRIPTOMIC,PAIRED,0,0,ILLUMINA,Illumina HiSeq 2000,SRP001185,,,0,SRS414421,SAMN02046434,Aplysia_4th Day early trochophora,whole animal,,trochophore,day_4,,,UF-LM,SRA009814,
SRR830638,11/15/13 12:07,4/18/13 13:35,16574607,3314921400,16574607,200,2194,,https://sra-downloadb.st-va.ncbi.nlm.nih.gov/sos2/sra-pub-run-4/SRR830638/SRR830638.1,SRX268438,,RNA-Seq,RANDOM,TRANSCRIPTOMIC,PAIRED,0,0,ILLUMINA,Illumina HiSeq 2000,SRP001185,,,0,SRS414422,SAMN02046435,Aplysia_9thDay_veliger,whole animal,,veliger,day_9,,,UF-LM,SRA009814,
SRR830645,11/15/13 12:07,4/18/13 13:52,25306937,5061387400,25306937,200,3328,,https://sra-downloadb.st-va.ncbi.nlm.nih.gov/sos2/sra-pub-run-4/SRR830645/SRR830645.1,SRX268443,,RNA-Seq,RANDOM,TRANSCRIPTOMIC,PAIRED,0,0,ILLUMINA,Illumina HiSeq 2000,SRP001185,,,0,SRS414426,SAMN02046439,Aplysia_Early Cleavage,whole animal,,embryo,early_clevage,,,UF-LM,SRA009814,
SRR830642,11/15/13 12:07,4/18/13 12:57,22958659,4591731800,22958659,200,2985,,https://sra-downloadb.st-va.ncbi.nlm.nih.gov/sos2/sra-pub-run-4/SRR830642/SRR830642.1,SRX268439,,RNA-Seq,RANDOM,TRANSCRIPTOMIC,PAIRED,0,0,ILLUMINA,Illumina HiSeq 2000,SRP001185,,,0,SRS414423,SAMN02046436,Aplysia_hatching veliger 12day,whole animal,,veliger,day_12,,,UF-LM,SRA009814,
SRR826784,2/21/15 0:00,4/13/13 12:13,22994355,4598871000,22994355,200,3017,,https://sra-downloadb.st-va.ncbi.nlm.nih.gov/sos1/sra-pub-run-8/SRR826784/SRR826784.1,SRX265123,,RNA-Seq,RANDOM,TRANSCRIPTOMIC,PAIRED,0,0,ILLUMINA,Illumina HiSeq 2000,SRP000986,,,0,SRS005516,SAMN00003227,MCC Neuron,nervous system,cerebral ganglion,modulatory neuron,MCC,six cell,serotenergic,UF-LM,SRA009244,
SRR826785,2/21/15 0:00,4/13/13 12:18,24218107,4843621400,24218107,200,3159,,https://sra-downloadb.st-va.ncbi.nlm.nih.gov/sos1/sra-pub-run-8/SRR826785/SRR826785.1,SRX265124,,RNA-Seq,RANDOM,TRANSCRIPTOMIC,PAIRED,0,0,ILLUMINA,Illumina HiSeq 2000,SRP000986,,,0,SRS005516,SAMN00003227,MCC Neuron,nervous system,cerebral ganglion,modulatory neuron,MCC,six cell,serotenergic,UF-LM,SRA009244,
SRR6871219,7/10/18 0:05,3/20/18 16:55,30334476,6066895200,30334476,200,2834,,https://sra-downloadb.st-va.ncbi.nlm.nih.gov/sos1/sra-pub-run-14/SRR6871219/SRR6871219.1,SRX3825205,Mature_6_PVC,RNA-Seq,RiboDeplete,TRANSCRIPTOMIC,PAIRED,0,0,ILLUMINA,Illumina HiSeq 2500,SRP136115,PRJNA439306,,439306,SRS3074293,SAMN08744264,Mature_PVC,nervous system,pleural ganglion,sensory neuron,PVC,cluster,glutematergic,UNIVERSITY OF MIAMI,SRA669153,
SRR6871220,7/10/18 0:05,3/20/18 16:47,14105706,2821141200,14105706,200,1352,,https://sra-downloadb.st-va.ncbi.nlm.nih.gov/sos1/sra-pub-run-14/SRR6871220/SRR6871220.1,SRX3825204,Mature_5_PVC,RNA-Seq,RiboDeplete,TRANSCRIPTOMIC,PAIRED,0,0,ILLUMINA,Illumina HiSeq 2500,SRP136115,PRJNA439306,,439306,SRS3074293,SAMN08744264,Mature_PVC,nervous system,pleural ganglion,sensory neuron,PVC,cluster,glutematergic,UNIVERSITY OF MIAMI,SRA669153,
SRR6871221,7/10/18 0:05,3/20/18 16:44,7898990,1579798000,7898990,200,747,,https://sra-downloadb.st-va.ncbi.nlm.nih.gov/sos1/sra-pub-run-14/SRR6871221/SRR6871221.1,SRX3825203,Mature_4_PVC,RNA-Seq,RiboDeplete,TRANSCRIPTOMIC,PAIRED,0,0,ILLUMINA,Illumina HiSeq 2500,SRP136115,PRJNA439306,,439306,SRS3074293,SAMN08744264,Mature_PVC,nervous system,pleural ganglion,sensory neuron,PVC,cluster,glutematergic,UNIVERSITY OF MIAMI,SRA669153,
SRR6871222,7/10/18 0:05,3/20/18 16:47,7741467,1548293400,7741467,200,728,,https://sra-downloadb.st-va.ncbi.nlm.nih.gov/sos1/sra-pub-run-14/SRR6871222/SRR6871222.1,SRX3825202,Mature_3_PVC,RNA-Seq,RiboDeplete,TRANSCRIPTOMIC,PAIRED,0,0,ILLUMINA,Illumina HiSeq 2500,SRP136115,PRJNA439306,,439306,SRS3074293,SAMN08744264,Mature_PVC,nervous system,pleural ganglion,sensory neuron,PVC,cluster,glutematergic,UNIVERSITY OF MIAMI,SRA669153,
SRR6871223,7/10/18 0:05,3/20/18 16:45,8384323,1676864600,8384323,200,790,,https://sra-downloadb.st-va.ncbi.nlm.nih.gov/sos1/sra-pub-run-14/SRR6871223/SRR6871223.1,SRX3825201,Mature_2_PVC,RNA-Seq,RiboDeplete,TRANSCRIPTOMIC,PAIRED,0,0,ILLUMINA,Illumina HiSeq 2500,SRP136115,PRJNA439306,,439306,SRS3074293,SAMN08744264,Mature_PVC,nervous system,pleural ganglion,sensory neuron,PVC,cluster,glutematergic,UNIVERSITY OF MIAMI,SRA669153,
SRR6871224,7/10/18 0:05,3/20/18 16:49,10869110,2173822000,10869110,200,1035,,https://sra-downloadb.st-va.ncbi.nlm.nih.gov/sos1/sra-pub-run-14/SRR6871224/SRR6871224.1,SRX3825200,Mature_1_PVC,RNA-Seq,RiboDeplete,TRANSCRIPTOMIC,PAIRED,0,0,ILLUMINA,Illumina HiSeq 2500,SRP136115,PRJNA439306,,439306,SRS3074293,SAMN08744264,Mature_PVC,nervous system,pleural ganglion,sensory neuron,PVC,cluster,glutematergic,UNIVERSITY OF MIAMI,SRA669153,
SRR385792,11/30/11 13:42,1/21/12 15:29,10076809,2116129890,10076809,210,1182,,https://sra-downloadb.st-va.ncbi.nlm.nih.gov/sos2/sra-pub-run-4/SRR385792/SRR385792.2,SRX109680,Solexa-65632,RNA-Seq,cDNA,TRANSCRIPTOMIC,PAIRED,450,122.864,ILLUMINA,Illumina HiSeq 2000,SRP009481,PRJNA77701,,77701,SRS281194,SAMN00760985,PRJNA167910.Aplcal_RNA1_CNS,nervous system,CNS,whole tissue,,,,BI,SRA048297,
SRR385795,11/30/11 13:42,1/21/12 15:30,10725733,2252403930,10725733,210,1161,,https://sra-downloadb.st-va.ncbi.nlm.nih.gov/sos2/sra-pub-run-4/SRR385795/SRR385795.2,SRX109680,Solexa-65632,RNA-Seq,cDNA,TRANSCRIPTOMIC,PAIRED,450,122.864,ILLUMINA,Illumina HiSeq 2000,SRP009481,PRJNA77701,,77701,SRS281194,SAMN00760985,PRJNA167910.Aplcal_RNA1_CNS,nervous system,CNS,whole tissue,,,,BI,SRA048297,
SRR385802,11/30/11 13:42,1/21/12 15:30,10735410,2254436100,10735410,210,1238,,https://sra-downloadb.st-va.ncbi.nlm.nih.gov/sos2/sra-pub-run-4/SRR385802/SRR385802.2,SRX109680,Solexa-65632,RNA-Seq,cDNA,TRANSCRIPTOMIC,PAIRED,450,122.864,ILLUMINA,Illumina HiSeq 2000,SRP009481,PRJNA77701,,77701,SRS281194,SAMN00760985,PRJNA167910.Aplcal_RNA1_CNS,nervous system,CNS,whole tissue,,,,BI,SRA048297,
SRR385805,11/30/11 13:42,1/21/12 15:30,10268897,2156468370,10268897,210,1109,,https://sra-downloadb.st-va.ncbi.nlm.nih.gov/sos2/sra-pub-run-4/SRR385805/SRR385805.2,SRX109676,Solexa-65633,RNA-Seq,cDNA,TRANSCRIPTOMIC,PAIRED,450,138.786,ILLUMINA,Illumina HiSeq 2000,SRP009481,PRJNA77701,,77701,SRS281190,SAMN00760981,PRJNA167910.Aplcal_RNA1_Che,rhinophores+tentacles,,whole tissue,,,,BI,SRA048297,
SRR385807,11/30/11 13:42,1/21/12 15:30,9622784,2020784640,9622784,210,1132,,https://sra-downloadb.st-va.ncbi.nlm.nih.gov/sos2/sra-pub-run-4/SRR385807/SRR385807.2,SRX109676,Solexa-65633,RNA-Seq,cDNA,TRANSCRIPTOMIC,PAIRED,450,138.786,ILLUMINA,Illumina HiSeq 2000,SRP009481,PRJNA77701,,77701,SRS281190,SAMN00760981,PRJNA167910.Aplcal_RNA1_Che,rhinophores+tentacles,,whole tissue,,,,BI,SRA048297,
SRR385788,11/30/11 13:42,1/21/12 15:29,10271190,2156949900,10271190,210,1185,,https://sra-downloadb.st-va.ncbi.nlm.nih.gov/sos2/sra-pub-run-4/SRR385788/SRR385788.2,SRX109676,Solexa-65633,RNA-Seq,cDNA,TRANSCRIPTOMIC,PAIRED,450,138.786,ILLUMINA,Illumina HiSeq 2000,SRP009481,PRJNA77701,,77701,SRS281190,SAMN00760981,PRJNA167910.Aplcal_RNA1_Che,rhinophores+tentacles,,whole tissue,,,,BI,SRA048297,
SRR385791,11/30/11 13:42,1/21/12 15:30,11711154,2459342340,11711154,210,1347,,https://sra-downloadb.st-va.ncbi.nlm.nih.gov/sos2/sra-pub-run-4/SRR385791/SRR385791.2,SRX109679,Solexa-65640,RNA-Seq,cDNA,TRANSCRIPTOMIC,PAIRED,450,108.238,ILLUMINA,Illumina HiSeq 2000,SRP009481,PRJNA77701,,77701,SRS281193,SAMN00760984,PRJNA167910.Aplcal_RNA1_Dig,digestive system,,whole tissue,,,,BI,SRA048297,
SRR385811,11/30/11 13:42,1/21/12 15:30,11075194,2325790740,11075194,210,1293,,https://sra-downloadb.st-va.ncbi.nlm.nih.gov/sos2/sra-pub-run-4/SRR385811/SRR385811.2,SRX109679,Solexa-65640,RNA-Seq,cDNA,TRANSCRIPTOMIC,PAIRED,450,108.238,ILLUMINA,Illumina HiSeq 2000,SRP009481,PRJNA77701,,77701,SRS281193,SAMN00760984,PRJNA167910.Aplcal_RNA1_Dig,digestive system,,whole tissue,,,,BI,SRA048297,
SRR385798,11/30/11 13:42,1/21/12 15:30,11659554,2448506340,11659554,210,1255,,https://sra-downloadb.st-va.ncbi.nlm.nih.gov/sos2/sra-pub-run-4/SRR385798/SRR385798.2,SRX109679,Solexa-65640,RNA-Seq,cDNA,TRANSCRIPTOMIC,PAIRED,450,108.238,ILLUMINA,Illumina HiSeq 2000,SRP009481,PRJNA77701,,77701,SRS281193,SAMN00760984,PRJNA167910.Aplcal_RNA1_Dig,digestive system,,whole tissue,,,,BI,SRA048297,
SRR385817,11/30/11 13:42,1/21/12 15:31,10588801,2223648210,10588801,210,1243,,https://sra-downloadb.st-va.ncbi.nlm.nih.gov/sos2/sra-pub-run-4/SRR385817/SRR385817.2,SRX109674,Solexa-65638,RNA-Seq,cDNA,TRANSCRIPTOMIC,PAIRED,450,111.331,ILLUMINA,Illumina HiSeq 2000,SRP009481,PRJNA77701,,77701,SRS281188,SAMN00760979,PRJNA167910.Aplcal_RNA1_Gil,gill,,whole tissue,,,,BI,SRA048297,
SRR385793,11/30/11 13:42,1/21/12 15:30,11189597,2349815370,11189597,210,1294,,https://sra-downloadb.st-va.ncbi.nlm.nih.gov/sos2/sra-pub-run-4/SRR385793/SRR385793.2,SRX109674,Solexa-65638,RNA-Seq,cDNA,TRANSCRIPTOMIC,PAIRED,450,111.331,ILLUMINA,Illumina HiSeq 2000,SRP009481,PRJNA77701,,77701,SRS281188,SAMN00760979,PRJNA167910.Aplcal_RNA1_Gil,gill,,whole tissue,,,,BI,SRA048297,
SRR385786,11/30/11 13:42,1/21/12 15:29,11168257,2345333970,11168257,210,1210,,https://sra-downloadb.st-va.ncbi.nlm.nih.gov/sos2/sra-pub-run-4/SRR385786/SRR385786.2,SRX109674,Solexa-65638,RNA-Seq,cDNA,TRANSCRIPTOMIC,PAIRED,450,111.331,ILLUMINA,Illumina HiSeq 2000,SRP009481,PRJNA77701,,77701,SRS281188,SAMN00760979,PRJNA167910.Aplcal_RNA1_Gil,gill,,whole tissue,,,,BI,SRA048297,
SRR385787,11/30/11 13:42,1/21/12 15:29,11984446,2516733660,11984446,210,1296,,https://sra-downloadb.st-va.ncbi.nlm.nih.gov/sos2/sra-pub-run-4/SRR385787/SRR385787.2,SRX109675,Solexa-65634,RNA-Seq,cDNA,TRANSCRIPTOMIC,PAIRED,450,115,ILLUMINA,Illumina HiSeq 2000,SRP009481,PRJNA77701,,77701,SRS281189,SAMN00760980,PRJNA167910.Aplcal_RNA1_Hea,heart,,whole tissue,,,,BI,SRA048297,
SRR385800,11/30/11 13:42,1/21/12 15:30,12021955,2524610550,12021955,210,1387,,https://sra-downloadb.st-va.ncbi.nlm.nih.gov/sos2/sra-pub-run-4/SRR385800/SRR385800.2,SRX109675,Solexa-65634,RNA-Seq,cDNA,TRANSCRIPTOMIC,PAIRED,450,115,ILLUMINA,Illumina HiSeq 2000,SRP009481,PRJNA77701,,77701,SRS281189,SAMN00760980,PRJNA167910.Aplcal_RNA1_Hea,heart,,whole tissue,,,,BI,SRA048297,
SRR385815,11/30/11 13:42,1/21/12 15:31,11287472,2370369120,11287472,210,1326,,https://sra-downloadb.st-va.ncbi.nlm.nih.gov/sos2/sra-pub-run-4/SRR385815/SRR385815.2,SRX109675,Solexa-65634,RNA-Seq,cDNA,TRANSCRIPTOMIC,PAIRED,450,115,ILLUMINA,Illumina HiSeq 2000,SRP009481,PRJNA77701,,77701,SRS281189,SAMN00760980,PRJNA167910.Aplcal_RNA1_Hea,heart,,whole tissue,,,,BI,SRA048297,
SRR385808,11/30/11 13:42,1/21/12 15:31,13042010,2738822100,13042010,210,1412,,https://sra-downloadb.st-va.ncbi.nlm.nih.gov/sos2/sra-pub-run-4/SRR385808/SRR385808.2,SRX109682,Solexa-65636,RNA-Seq,cDNA,TRANSCRIPTOMIC,PAIRED,450,108.68,ILLUMINA,Illumina HiSeq 2000,SRP009481,PRJNA77701,,77701,SRS281196,SAMN00760987,PRJNA167910.Aplcal_RNA1_Hep,hepatopancreas,,whole tissue,,,,BI,SRA048297,
SRR385803,11/30/11 13:42,1/21/12 15:30,13112468,2753618280,13112468,210,1519,,https://sra-downloadb.st-va.ncbi.nlm.nih.gov/sos2/sra-pub-run-4/SRR385803/SRR385803.2,SRX109682,Solexa-65636,RNA-Seq,cDNA,TRANSCRIPTOMIC,PAIRED,450,108.68,ILLUMINA,Illumina HiSeq 2000,SRP009481,PRJNA77701,,77701,SRS281196,SAMN00760987,PRJNA167910.Aplcal_RNA1_Hep,hepatopancreas,,whole tissue,,,,BI,SRA048297,
SRR385796,11/30/11 13:42,1/21/12 15:30,12302254,2583473340,12302254,210,1449,,https://sra-downloadb.st-va.ncbi.nlm.nih.gov/sos2/sra-pub-run-4/SRR385796/SRR385796.2,SRX109682,Solexa-65636,RNA-Seq,cDNA,TRANSCRIPTOMIC,PAIRED,450,108.68,ILLUMINA,Illumina HiSeq 2000,SRP009481,PRJNA77701,,77701,SRS281196,SAMN00760987,PRJNA167910.Aplcal_RNA1_Hep,hepatopancreas,,whole tissue,,,,BI,SRA048297,
SRR385799,11/30/11 13:42,1/21/12 15:30,12725010,2672252100,12725010,210,1476,,https://sra-downloadb.st-va.ncbi.nlm.nih.gov/sos2/sra-pub-run-4/SRR385799/SRR385799.2,SRX109683,Solexa-65637,RNA-Seq,cDNA,TRANSCRIPTOMIC,PAIRED,450,96.2337,ILLUMINA,Illumina HiSeq 2000,SRP009481,PRJNA77701,,77701,SRS281197,SAMN00760988,PRJNA167910.Aplcal_RNA1_Her,Hermaphroditic glands,,whole tissue,,,,BI,SRA048297,
SRR385804,11/30/11 13:42,1/21/12 15:30,11908272,2500737120,11908272,210,1407,,https://sra-downloadb.st-va.ncbi.nlm.nih.gov/sos2/sra-pub-run-4/SRR385804/SRR385804.2,SRX109683,Solexa-65637,RNA-Seq,cDNA,TRANSCRIPTOMIC,PAIRED,450,96.2337,ILLUMINA,Illumina HiSeq 2000,SRP009481,PRJNA77701,,77701,SRS281197,SAMN00760988,PRJNA167910.Aplcal_RNA1_Her,Hermaphroditic glands,,whole tissue,,,,BI,SRA048297,
SRR385818,11/30/11 13:42,1/21/12 15:31,12690181,2664938010,12690181,210,1376,,https://sra-downloadb.st-va.ncbi.nlm.nih.gov/sos2/sra-pub-run-4/SRR385818/SRR385818.2,SRX109683,Solexa-65637,RNA-Seq,cDNA,TRANSCRIPTOMIC,PAIRED,450,96.2337,ILLUMINA,Illumina HiSeq 2000,SRP009481,PRJNA77701,,77701,SRS281197,SAMN00760988,PRJNA167910.Aplcal_RNA1_Her,Hermaphroditic glands,,whole tissue,,,,BI,SRA048297,
SRR385806,11/30/11 13:42,1/21/12 15:30,11982094,2516239740,11982094,210,1285,,https://sra-downloadb.st-va.ncbi.nlm.nih.gov/sos2/sra-pub-run-4/SRR385806/SRR385806.2,SRX109681,Solexa-65641,RNA-Seq,cDNA,TRANSCRIPTOMIC,PAIRED,450,117.914,ILLUMINA,Illumina HiSeq 2000,SRP009481,PRJNA77701,,77701,SRS281195,SAMN00760986,PRJNA167910.Aplcal_RNA1_Mus,muscle,,whole tissue,,,,BI,SRA048297,
SRR385810,11/30/11 13:42,1/21/12 15:31,11243632,2361162720,11243632,210,1312,,https://sra-downloadb.st-va.ncbi.nlm.nih.gov/sos2/sra-pub-run-4/SRR385810/SRR385810.2,SRX109681,Solexa-65641,RNA-Seq,cDNA,TRANSCRIPTOMIC,PAIRED,450,117.914,ILLUMINA,Illumina HiSeq 2000,SRP009481,PRJNA77701,,77701,SRS281195,SAMN00760986,PRJNA167910.Aplcal_RNA1_Mus,muscle,,whole tissue,,,,BI,SRA048297,
SRR385794,11/30/11 13:42,1/21/12 15:29,11994021,2518744410,11994021,210,1375,,https://sra-downloadb.st-va.ncbi.nlm.nih.gov/sos2/sra-pub-run-4/SRR385794/SRR385794.2,SRX109681,Solexa-65641,RNA-Seq,cDNA,TRANSCRIPTOMIC,PAIRED,450,117.914,ILLUMINA,Illumina HiSeq 2000,SRP009481,PRJNA77701,,77701,SRS281195,SAMN00760986,PRJNA167910.Aplcal_RNA1_Mus,muscle,,whole tissue,,,,BI,SRA048297,
SRR385789,11/30/11 13:42,1/21/12 15:29,10894325,2287808250,10894325,210,1174,,https://sra-downloadb.st-va.ncbi.nlm.nih.gov/sos2/sra-pub-run-4/SRR385789/SRR385789.2,SRX109677,Solexa-65639,RNA-Seq,cDNA,TRANSCRIPTOMIC,PAIRED,450,136.717,ILLUMINA,Illumina HiSeq 2000,SRP009481,PRJNA77701,,77701,SRS281191,SAMN00760982,PRJNA167910.Aplcal_RNA1_Ovo,ovotestis,,whole tissue,,,,BI,SRA048297,
SRR385816,11/30/11 13:42,1/21/12 15:31,10335046,2170359660,10335046,210,1207,,https://sra-downloadb.st-va.ncbi.nlm.nih.gov/sos2/sra-pub-run-4/SRR385816/SRR385816.2,SRX109677,Solexa-65639,RNA-Seq,cDNA,TRANSCRIPTOMIC,PAIRED,450,136.717,ILLUMINA,Illumina HiSeq 2000,SRP009481,PRJNA77701,,77701,SRS281191,SAMN00760982,PRJNA167910.Aplcal_RNA1_Ovo,ovotestis,,whole tissue,,,,BI,SRA048297,
SRR385801,11/30/11 13:42,1/21/12 15:30,10897078,2288386380,10897078,210,1255,,https://sra-downloadb.st-va.ncbi.nlm.nih.gov/sos2/sra-pub-run-4/SRR385801/SRR385801.2,SRX109677,Solexa-65639,RNA-Seq,cDNA,TRANSCRIPTOMIC,PAIRED,450,136.717,ILLUMINA,Illumina HiSeq 2000,SRP009481,PRJNA77701,,77701,SRS281191,SAMN00760982,PRJNA167910.Aplcal_RNA1_Ovo,ovotestis,,whole tissue,,,,BI,SRA048297,
SRR385797,11/30/11 13:42,1/21/12 15:29,10525302,2210313420,10525302,210,1264,,https://sra-downloadb.st-va.ncbi.nlm.nih.gov/sos2/sra-pub-run-4/SRR385797/SRR385797.2,SRX109678,Solexa-65635,RNA-Seq,cDNA,TRANSCRIPTOMIC,PAIRED,450,105.239,ILLUMINA,Illumina HiSeq 2000,SRP009481,PRJNA77701,,77701,SRS281192,SAMN00760983,PRJNA167910.Aplcal_RNA1_Sal,salivary gland,,whole tissue,,,,BI,SRA048297,
SRR385809,11/30/11 13:42,1/21/12 15:31,11208660,2353818600,11208660,210,1321,,https://sra-downloadb.st-va.ncbi.nlm.nih.gov/sos2/sra-pub-run-4/SRR385809/SRR385809.2,SRX109678,Solexa-65635,RNA-Seq,cDNA,TRANSCRIPTOMIC,PAIRED,450,105.239,ILLUMINA,Illumina HiSeq 2000,SRP009481,PRJNA77701,,77701,SRS281192,SAMN00760983,PRJNA167910.Aplcal_RNA1_Sal,salivary gland,,whole tissue,,,,BI,SRA048297,
SRR385790,11/30/11 13:42,1/21/12 15:29,11212440,2354612400,11212440,210,1239,,https://sra-downloadb.st-va.ncbi.nlm.nih.gov/sos2/sra-pub-run-4/SRR385790/SRR385790.2,SRX109678,Solexa-65635,RNA-Seq,cDNA,TRANSCRIPTOMIC,PAIRED,450,105.239,ILLUMINA,Illumina HiSeq 2000,SRP009481,PRJNA77701,,77701,SRS281192,SAMN00760983,PRJNA167910.Aplcal_RNA1_Sal,salivary gland,,whole tissue,,,,BI,SRA048297,
SRR016565,6/16/09 17:03,5/26/14 5:54,20232451,3075332552,20232451,152,2583,,https://sra-downloadb.st-va.ncbi.nlm.nih.gov/sos2/sra-pub-run-3/SRR016565/SRR016565.3,SRX004765,Solexa-9424,EST,cDNA,TRANSCRIPTOMIC,PAIRED,500,0,ILLUMINA,Illumina Genome Analyzer II,SRP000768,PRJNA38661,,38661,SRS002987,SAMN00012937,PRJNA38661.L.Moroz #3,nervous system,CNS,,,,,BI,SRA008637,
SRR016566,6/16/09 16:59,5/26/14 5:52,19527840,2968231680,19527840,152,2475,,https://sra-downloadb.st-va.ncbi.nlm.nih.gov/sos2/sra-pub-run-3/SRR016566/SRR016566.3,SRX004766,Solexa-9423,EST,cDNA,TRANSCRIPTOMIC,PAIRED,500,0,ILLUMINA,Illumina Genome Analyzer II,SRP000768,PRJNA38661,,38661,SRS002987,SAMN00012937,PRJNA38661.L.Moroz #3,nervous system,CNS,,,,,BI,SRA008637,
SRR016567,6/16/09 16:46,5/26/14 5:53,17589787,2673647624,17589787,152,2217,,https://sra-downloadb.st-va.ncbi.nlm.nih.gov/sos2/sra-pub-run-3/SRR016567/SRR016567.3,SRX004767,Solexa-9421,EST,cDNA,TRANSCRIPTOMIC,PAIRED,500,0,ILLUMINA,Illumina Genome Analyzer II,SRP000768,PRJNA38661,,38661,SRS002987,SAMN00012937,PRJNA38661.L.Moroz #3,nervous system,CNS,,,,,BI,SRA008637,
SRR016568,6/16/09 17:04,5/26/14 5:54,20251468,3078223136,20251468,152,2554,,https://sra-downloadb.st-va.ncbi.nlm.nih.gov/sos2/sra-pub-run-3/SRR016568/SRR016568.3,SRX004768,Solexa-9422,EST,cDNA,TRANSCRIPTOMIC,PAIRED,500,0,ILLUMINA,Illumina Genome Analyzer II,SRP000768,PRJNA38661,,38661,SRS002987,SAMN00012937,PRJNA38661.L.Moroz #3,nervous system,CNS,,,,,BI,SRA008637,
SRR826783,2/21/15 0:00,4/13/13 12:11,28087776,5617555200,28087776,200,3690,,https://sra-downloadb.st-va.ncbi.nlm.nih.gov/sos1/sra-pub-run-8/SRR826783/SRR826783.1,SRX265122,Aplysia-R2-3,RNA-Seq,RANDOM,TRANSCRIPTOMIC,PAIRED,0,0,ILLUMINA,Illumina HiSeq 2000,SRP000986,,,0,SRS004326,SAMN00003171,R2 Neuron,nervous system,abdominal ganglion,motor neuron,R2,single cell,cholinergic,UF-LM,SRA009244,
SRR826786,2/21/15 0:00,4/13/13 12:31,28383946,5676789200,28383946,200,3724,,https://sra-downloadb.st-va.ncbi.nlm.nih.gov/sos1/sra-pub-run-8/SRR826786/SRR826786.1,SRX265125,Aplysia-SN_PlG,RNA-Seq,RANDOM,TRANSCRIPTOMIC,PAIRED,0,0,ILLUMINA,Illumina HiSeq 2000,SRP000986,,,0,SRS005518,SAMN00003229,Sensory Neuron Cluster,nervous system,pleural ganglion,sensory neuron,PVC,single cell,glutematergic,UF-LM,SRA009244,